year,title,author,cover_image
2000,Anil's Ghost,Michael Ondaatje,http://books.google.com/books/content?id=hY0Fj-xqnpsC&printsec=frontcover&img=1&zoom=1&edge=curl&source=gbs_api
2000,No Great Mischief,Alistair MacLeod,http://books.google.com/books/content?id=daf-3NN4_kYC&printsec=frontcover&img=1&zoom=1&edge=curl&source=gbs_api
2000,A Good House,Bonnie Burnard,http://books.google.com/books/content?id=XFEnBgAAQBAJ&printsec=frontcover&img=1&zoom=1&edge=curl&source=gbs_api
2000,The Blind Assassin,Margaret Atwood,http://books.google.com/books/content?id=8KF3LiA1nD4C&printsec=frontcover&img=1&zoom=1&edge=curl&source=gbs_api
2000,Island: The Collected Stories,Alistair MacLeod,http://books.google.com/books/content?id=etXxxduAleIC&printsec=frontcover&img=1&zoom=1&edge=curl&source=gbs_api
2000,Mercy Among the Children,David Adams Richards,http://books.google.com/books/content?id=cjuCDwAAQBAJ&printsec=frontcover&img=1&zoom=1&edge=curl&source=gbs_api
2000,Pilgrim,Timothy Findley,http://books.google.com/books/content?id=xKmDFRVwWEUC&printsec=frontcover&img=1&zoom=1&edge=curl&source=gbs_api
2000,A Good House,Bonnie Burnard,http://books.google.com/books/content?id=XFEnBgAAQBAJ&printsec=frontcover&img=1&zoom=1&edge=curl&source=gbs_api
2000,Pilgrim,Timothy Findley,http://books.google.com/books/content?id=xKmDFRVwWEUC&printsec=frontcover&img=1&zoom=1&edge=curl&source=gbs_api
2000,The Colony of Unrequited Dreams,Wayne Johnston,http://books.google.com/books/content?id=p6tshJVvG6oC&printsec=frontcover&img=1&zoom=1&edge=curl&source=gbs_api
2000,Trudeau Albums,Sara Borins,http://books.google.com/books/content?id=3ZbQAAAACAAJ&printsec=frontcover&img=1&zoom=1&source=gbs_api
2000,No Logo: Taking Aim at the Brand Bullies,Naomi Klein,http://books.google.com/books/content?id=Yq_WAUXqRAEC&printsec=frontcover&img=1&zoom=1&edge=curl&source=gbs_api
2000,The Tipping Point: How Little Things Can Make a Big Difference,Malcolm Gladwell,http://books.google.com/books/content?id=yBDBEGBIUmgC&printsec=frontcover&img=1&zoom=1&edge=curl&source=gbs_api
2000,Canada: A People's History Volume One,"Don Gillmor, Pierre Turgeon",http://books.google.com/books/content?id=h6kRAQAAIAAJ&printsec=frontcover&img=1&zoom=1&source=gbs_api
2000,Star-Spangled Canadians: Canadians Living the American Dream,Jeffrey Simpson,http://books.google.com/books/content?id=CGYaAQAAIAAJ&printsec=frontcover&img=1&zoom=1&source=gbs_api
2000,The Nature of Economies,Jane Jacobs,http://books.google.com/books/content?id=cCeorIlLMzYC&printsec=frontcover&img=1&zoom=1&edge=curl&source=gbs_api
2000,Canada: Our Century,"Mark Kingwell, Christopher Moore",http://books.google.com/books/content?id=vCr0PQAACAAJ&printsec=frontcover&img=1&zoom=1&source=gbs_api
2000,One Good Turn: A Natural History of the Screwdriver and the Screw,Witold Rybczynski,http://books.google.com/books/content?id=-W7wk8wzfs8C&printsec=frontcover&img=1&zoom=1&edge=curl&source=gbs_api
2000,The 16th Round: From Number 1 Contender To #45472,Rubin 'Hurricane' Carter,http://books.google.com/books/content?id=b3ZcV4aJ1q0C&printsec=frontcover&img=1&zoom=1&edge=curl&source=gbs_api
2000,Hells Angels at War,Yves Lavigne,http://books.google.com/books/content?id=8IIbAQAAMAAJ&printsec=frontcover&img=1&zoom=1&source=gbs_api
2000,Sisters In The Wilderness: The Lives of Susanna Moodie and Catharine Parr Traill,Charlotte Gray,http://books.google.com/books/content?id=mUYYAAAAYAAJ&printsec=frontcover&img=1&zoom=1&source=gbs_api
2000,Baltimore's Mansion: A Memoir,Wayne Johnston,http://books.google.com/books/content?id=rpWTPwAACAAJ&printsec=frontcover&img=1&zoom=1&source=gbs_api
2000,The Godforsaken Sea: Racing The World’s Most Dangerous Waters,Derek Lundy,http://books.google.com/books/content?id=tTr3dQ3k-Q0C&printsec=frontcover&img=1&zoom=1&edge=curl&source=gbs_api
2001,The Stone Carvers,Jane Urquhart,http://books.google.com/books/content?id=sk5LIXg-KGMC&printsec=frontcover&img=1&zoom=1&edge=curl&source=gbs_api
2001,The Fourth Hand,John Irving,http://books.google.com/books/content?id=AZlAeKCzwNEC&printsec=frontcover&img=1&zoom=1&edge=curl&source=gbs_api
2001,Vinyl Cafe: Unplugged,Stuart McLean,http://books.google.com/books/content?id=zzwmwDoEIl4C&printsec=frontcover&img=1&zoom=1&edge=curl&source=gbs_api
2001,The Blind Assassin,Margaret Atwood,http://books.google.com/books/content?id=8KF3LiA1nD4C&printsec=frontcover&img=1&zoom=1&edge=curl&source=gbs_api
2001,"Hateship, Friendship, Courtship, Loveship, Marriage",Alice Munro,http://books.google.com/books/content?id=MFPgCwAAQBAJ&printsec=frontcover&img=1&zoom=1&edge=curl&source=gbs_api
2001,Mercy Among the Children,David Adams Richards,http://books.google.com/books/content?id=cjuCDwAAQBAJ&printsec=frontcover&img=1&zoom=1&edge=curl&source=gbs_api
2001,The Ash Garden,Dennis Bock,http://books.google.com/books/content?id=tXkLWWXnMzsC&printsec=frontcover&img=1&zoom=1&edge=curl&source=gbs_api
2001,Spadework,Timothy Findley,https://books.google.co.uk/books/content?id=6PZDwg08PBYC&printsec=frontcover&img=1&zoom=1&imgtk=AFLRE71oIngMUz_QkhPosoG_R86pxuhAcYrlUSWHzwAEpSOzkAmgSPZom4WQgZznqI-5ylJI4kM-y7uhPx5DLolZ5n1eAue5GRhZ-omWOnOsxY15zS43SUz4mewLSEV16SQJvnqqz0TZ
2001,Cape Breton Road,D.R. MacDonald,http://books.google.com/books/content?id=2uz_BvO3laoC&printsec=frontcover&img=1&zoom=1&edge=curl&source=gbs_api
2001,No Great Mischief,Alistair MacLeod,http://books.google.com/books/content?id=daf-3NN4_kYC&printsec=frontcover&img=1&zoom=1&edge=curl&source=gbs_api
2001,Anil's Ghost,Michael Ondaatje,http://books.google.com/books/content?id=hY0Fj-xqnpsC&printsec=frontcover&img=1&zoom=1&edge=curl&source=gbs_api
2001,Mercy Among the Children,David Adams Richards,http://books.google.com/books/content?id=cjuCDwAAQBAJ&printsec=frontcover&img=1&zoom=1&edge=curl&source=gbs_api
2001,The Blind Assassin,Margaret Atwood,http://books.google.com/books/content?id=8KF3LiA1nD4C&printsec=frontcover&img=1&zoom=1&edge=curl&source=gbs_api
2001,Island: The Collected Stories,Alistair MacLeod,http://books.google.com/books/content?id=etXxxduAleIC&printsec=frontcover&img=1&zoom=1&edge=curl&source=gbs_api
2001,Dropped Threads: What We Aren't Told,"Carol Shields, Marjorie Anderson",http://books.google.com/books/content?id=Y6ERQPMpbUIC&printsec=frontcover&img=1&zoom=1&edge=curl&source=gbs_api
2001,Canada: A People's History Volume One,"Don Gillmor, Pierre Turgeon",http://books.google.com/books/content?id=h6kRAQAAIAAJ&printsec=frontcover&img=1&zoom=1&source=gbs_api
2001,Marching As To War: Canada's Turbulent Years 1899-1953,Pierre Berton,http://books.google.com/books/content?id=1O8RAQAAIAAJ&printsec=frontcover&img=1&zoom=1&source=gbs_api
2001,On Snooker,Mordecai Richler,http://books.google.com/books/content?id=DA89j98mLhwC&printsec=frontcover&img=1&zoom=1&edge=curl&source=gbs_api
2001,The Last Amigo: Karlheinz Schreiber and the Anatomy of a Scandal,"Stevie Cameron, Harvey Cashore",http://books.google.com/books/content?id=a7oRAQAAIAAJ&printsec=frontcover&img=1&zoom=1&source=gbs_api
2001,How to Be a Canadian,"Will Ferguson, Ian Ferguson",http://books.google.com/books/content?id=qhiqXtpNHFsC&printsec=frontcover&img=1&zoom=1&source=gbs_api
2001,Time Lord: The Remarkable Canadian Who Missed His Train and Changed the World,Clark Blaise,http://books.google.com/books/content?id=lSUxqza1dpIC&printsec=frontcover&img=1&zoom=1&source=gbs_api
2001,Sandra Schmirler: The Queen of Curling,Perry Lefko,https://m.media-amazon.com/images/I/914ZpbCDlsL._SY522_.jpg
2001,Jane Austen: A Life,Carol Shields,http://books.google.com/books/content?id=Csx2YcnStBQC&printsec=frontcover&img=1&zoom=1&edge=curl&source=gbs_api
2001,The Rights Revolution,Michael Ignatieff,http://books.google.com/books/content?id=a3kdo5F2sIcC&printsec=frontcover&img=1&zoom=1&edge=curl&source=gbs_api
2001,The Bear's Embrace: A True Story of a Grizzly Bear Attack,Patricia Van Tighem,http://books.google.com/books/content?id=eoVFAAAAYAAJ&printsec=frontcover&img=1&zoom=1&source=gbs_api
2001,No Logo: Taking Aim at the Brand Bullies,Naomi Klein,http://books.google.com/books/content?id=Yq_WAUXqRAEC&printsec=frontcover&img=1&zoom=1&edge=curl&source=gbs_api
2001,Sisters In The Wilderness: The Lives of Susanna Moodie and Catharine Parr Traill,Charlotte Gray,http://books.google.com/books/content?id=mUYYAAAAYAAJ&printsec=frontcover&img=1&zoom=1&source=gbs_api
2001,The Ingenuity Gap: How Can We Solve the Problems of the Future?,Thomas Homer-Dixon,http://books.google.com/books/content?id=TT8dtATLEKsC&printsec=frontcover&img=1&zoom=1&edge=curl&source=gbs_api
2002,Unless,Carol Shields,http://books.google.com/books/content?id=wYBvmblKjAkC&printsec=frontcover&img=1&zoom=1&edge=curl&source=gbs_api
2002,Family Matters,Rohinton Mistry,http://books.google.com/books/content?id=8udfRgboahIC&printsec=frontcover&img=1&zoom=1&edge=curl&source=gbs_api
2002,Clara Callan,Richard B. Wright,http://books.google.com/books/content?id=jGJ7KcIkGBUC&printsec=frontcover&img=1&zoom=1&edge=curl&source=gbs_api
2002,The Navigator of New York,Wayne Johnston,http://books.google.com/books/content?id=k_7a_w8qjJIC&printsec=frontcover&img=1&zoom=1&edge=curl&source=gbs_api
2002,Crow Lake,Mary Lawson,http://books.google.com/books/content?id=MADI6smejFAC&printsec=frontcover&img=1&zoom=1&edge=curl&source=gbs_api
2002,"Hateship, Friendship, Courtship, Loveship, Marriage",Alice Munro,http://books.google.com/books/content?id=MFPgCwAAQBAJ&printsec=frontcover&img=1&zoom=1&edge=curl&source=gbs_api
2002,The Last Crossing,Guy Vanderhaeghe,http://books.google.com/books/content?id=1Qrrja9ZEZIC&printsec=frontcover&img=1&zoom=1&edge=curl&source=gbs_api
2002,Testament,Nino Ricci,http://books.google.com/books/content?id=UKMkEAAAQBAJ&printsec=frontcover&img=1&zoom=1&edge=curl&source=gbs_api
2002,In the Skin of a Lion,Michael Ondaatje,http://books.google.com/books/content?id=d_D5Ii3PMAAC&printsec=frontcover&img=1&zoom=1&edge=curl&source=gbs_api
2002,A Fine Balance,Rohinton Mistry,http://books.google.com/books/content?id=WcaFd95RABEC&printsec=frontcover&img=1&zoom=1&edge=curl&source=gbs_api
2002,Fall on Your Knees,Ann-Marie MacDonald,http://books.google.com/books/content?id=JSpbbA1zyz4C&printsec=frontcover&img=1&zoom=1&edge=curl&source=gbs_api
2002,Clara Callan,Richard B. Wright,http://books.google.com/books/content?id=jGJ7KcIkGBUC&printsec=frontcover&img=1&zoom=1&edge=curl&source=gbs_api
2002,The Stone Carvers,Jane Urquhart,http://books.google.com/books/content?id=sk5LIXg-KGMC&printsec=frontcover&img=1&zoom=1&edge=curl&source=gbs_api
2002,Life of Pi,Yann Martel,http://books.google.com/books/content?id=bM79cwyK4woC&printsec=frontcover&img=1&zoom=1&edge=curl&source=gbs_api
2002,The Fourth Hand,John Irving,http://books.google.com/books/content?id=AZlAeKCzwNEC&printsec=frontcover&img=1&zoom=1&edge=curl&source=gbs_api
2002,Spadework,Timothy Findley,https://books.google.co.uk/books/content?id=6PZDwg08PBYC&printsec=frontcover&img=1&zoom=1&imgtk=AFLRE71oIngMUz_QkhPosoG_R86pxuhAcYrlUSWHzwAEpSOzkAmgSPZom4WQgZznqI-5ylJI4kM-y7uhPx5DLolZ5n1eAue5GRhZ-omWOnOsxY15zS43SUz4mewLSEV16SQJvnqqz0TZ
2002,No Great Mischief,Alistair MacLeod,http://books.google.com/books/content?id=daf-3NN4_kYC&printsec=frontcover&img=1&zoom=1&edge=curl&source=gbs_api
2002,How to Be a Canadian,"Will Ferguson, Ian Ferguson",http://books.google.com/books/content?id=qhiqXtpNHFsC&printsec=frontcover&img=1&zoom=1&source=gbs_api
2002,Lucky Man: A Memoir,Michael J. Fox,http://books.google.com/books/content?id=FYmZAAAAQBAJ&printsec=frontcover&img=1&zoom=1&edge=curl&source=gbs_api
2002,On Equilibrium,John Ralston Saul,http://books.google.com/books/content?id=w1QCBAAAQBAJ&printsec=frontcover&img=1&zoom=1&edge=curl&source=gbs_api
2002,"Flint & Feather: The Life and Times of E. Pauline Johnson, Tekahionwake",Charlotte Gray,http://books.google.com/books/content?id=nfKwjNZRuIAC&printsec=frontcover&img=1&zoom=1&source=gbs_api
2002,Dropped Threads: What We Aren't Told,"Carol Shields, Marjorie Anderson",http://books.google.com/books/content?id=Y6ERQPMpbUIC&printsec=frontcover&img=1&zoom=1&edge=curl&source=gbs_api
2002,Souvenir of Canada,Douglas Coupland,http://books.google.com/books/content?id=StQNAAAACAAJ&printsec=frontcover&img=1&zoom=1&source=gbs_api
2002,Good News for a Change: Hope for a Troubled Planet,"David Suzuki, Holly Dressel",http://books.google.com/books/content?id=VpYnHAAACAAJ&printsec=frontcover&img=1&zoom=1&source=gbs_api
2002,Canada: A People's History Volume Two,"Don Gillmor, Achille Michaud, Pierre Turgeon",http://books.google.com/books/content?id=h6kRAQAAIAAJ&printsec=frontcover&img=1&zoom=1&source=gbs_api
2002,Think Big: My Life in Politics,Preston Manning,http://books.google.com/books/content?id=BI2TEAAAQBAJ&printsec=frontcover&img=1&zoom=1&source=gbs_api
2002,Negotiating with the Dead: A Writer on Writing,Margaret Atwood,http://books.google.com/books/content?id=jLbFlsKMIOQC&printsec=frontcover&img=1&zoom=1&edge=curl&source=gbs_api
2002,No Logo: Taking Aim at the Brand Bullies,Naomi Klein,http://books.google.com/books/content?id=Yq_WAUXqRAEC&printsec=frontcover&img=1&zoom=1&edge=curl&source=gbs_api
2002,The Tipping Point: How Little Things Can Make a Big Difference,Malcolm Gladwell,http://books.google.com/books/content?id=yBDBEGBIUmgC&printsec=frontcover&img=1&zoom=1&edge=curl&source=gbs_api
2002,On Equilibrium,John Ralston Saul,http://books.google.com/books/content?id=w1QCBAAAQBAJ&printsec=frontcover&img=1&zoom=1&edge=curl&source=gbs_api
2002,The Ingenuity Gap: How Can We Solve the Problems of the Future?,Thomas Homer-Dixon,http://books.google.com/books/content?id=TT8dtATLEKsC&printsec=frontcover&img=1&zoom=1&edge=curl&source=gbs_api
2002,Marching As To War: Canada's Turbulent Years 1899-1953,Pierre Berton,http://books.google.com/books/content?id=1O8RAQAAIAAJ&printsec=frontcover&img=1&zoom=1&source=gbs_api
2002,Fatal Passage,Ken McGoogan,http://books.google.com/books/content?id=c2mktAEACAAJ&printsec=frontcover&img=1&zoom=1&source=gbs_api
2002,Time Lord: The Remarkable Canadian Who Missed His Train and Changed the World,Clark Blaise,http://books.google.com/books/content?id=lSUxqza1dpIC&printsec=frontcover&img=1&zoom=1&source=gbs_api
2003,Oryx and Crake,Margaret Atwood,http://books.google.com/books/content?id=1GeHO2uy1XQC&printsec=frontcover&img=1&zoom=1&edge=curl&source=gbs_api
2003,Unless,Carol Shields,http://books.google.com/books/content?id=wYBvmblKjAkC&printsec=frontcover&img=1&zoom=1&edge=curl&source=gbs_api
2003,The Way the Crow Flies,Ann-Marie MacDonald,http://books.google.com/books/content?id=enLBTNKB3AsC&printsec=frontcover&img=1&zoom=1&edge=curl&source=gbs_api
2003,The Last Crossing,Guy Vanderhaeghe,http://books.google.com/books/content?id=1Qrrja9ZEZIC&printsec=frontcover&img=1&zoom=1&edge=curl&source=gbs_api
2003,The Navigator of New York,Wayne Johnston,http://books.google.com/books/content?id=k_7a_w8qjJIC&printsec=frontcover&img=1&zoom=1&edge=curl&source=gbs_api
2003,Vinyl Cafe Diaries,Stuart McLean,http://books.google.com/books/content?id=NUwsAQAAIAAJ&printsec=frontcover&img=1&zoom=1&source=gbs_api
2003,The Romantic,Barbara Gowdy,http://books.google.com/books/content?id=fnuwF86HfdsC&printsec=frontcover&img=1&zoom=1&edge=curl&source=gbs_api
2003,The In-Between World of Vikram Lall,M.G. Vassanji,http://books.google.com/books/content?id=9sBpeV2SXp0C&printsec=frontcover&img=1&zoom=1&edge=curl&source=gbs_api
2003,Life of Pi,Yann Martel,http://books.google.com/books/content?id=bM79cwyK4woC&printsec=frontcover&img=1&zoom=1&edge=curl&source=gbs_api
2003,Crow Lake,Mary Lawson,http://books.google.com/books/content?id=MADI6smejFAC&printsec=frontcover&img=1&zoom=1&edge=curl&source=gbs_api
2003,Unless,Carol Shields,http://books.google.com/books/content?id=wYBvmblKjAkC&printsec=frontcover&img=1&zoom=1&edge=curl&source=gbs_api
2003,Family Matters,Rohinton Mistry,http://books.google.com/books/content?id=8udfRgboahIC&printsec=frontcover&img=1&zoom=1&edge=curl&source=gbs_api
2003,Clara Callan,Richard B. Wright,http://books.google.com/books/content?id=jGJ7KcIkGBUC&printsec=frontcover&img=1&zoom=1&edge=curl&source=gbs_api
2003,The Navigator of New York,Wayne Johnston,http://books.google.com/books/content?id=k_7a_w8qjJIC&printsec=frontcover&img=1&zoom=1&edge=curl&source=gbs_api
2003,The Last Crossing,Guy Vanderhaeghe,http://books.google.com/books/content?id=1Qrrja9ZEZIC&printsec=frontcover&img=1&zoom=1&edge=curl&source=gbs_api
2003,Paris 1919: Six Months that Changed the World,Margaret MacMillan,http://books.google.com/books/content?id=dhKPDQAAQBAJ&printsec=frontcover&img=1&zoom=1&edge=curl&source=gbs_api
2003,Dropped Threads: What We Aren't Told,"Carol Shields, Marjorie Anderson",http://books.google.com/books/content?id=Y6ERQPMpbUIC&printsec=frontcover&img=1&zoom=1&edge=curl&source=gbs_api
2003,The Right Man: The Surprise Presidency of George W. Bush,David Frum,http://books.google.com/books/content?id=LzGi031PvHIC&printsec=frontcover&img=1&zoom=1&edge=curl&source=gbs_api
2003,Shake Hands With The Devil: The Failure of Humanity in Rwanda,Romeo Dallaire,http://books.google.com/books/content?id=tNKExJ3MBIQC&printsec=frontcover&img=1&zoom=1&edge=curl&source=gbs_api
2003,How to Be a Canadian,"Will Ferguson, Ian Ferguson",http://books.google.com/books/content?id=qhiqXtpNHFsC&printsec=frontcover&img=1&zoom=1&source=gbs_api
2003,"Fire and Ice: The United States, Canada and the Myth of Converging Values",Michael Adams,http://books.google.com/books/content?id=2YZROQAACAAJ&printsec=frontcover&img=1&zoom=1&source=gbs_api
2003,The Trouble with Islam,Irshad Manji,http://books.google.com/books/content?id=wb5InXNkDacC&printsec=frontcover&img=1&zoom=1&edge=curl&source=gbs_api
2003,Paris 1919: Six Months that Changed the World,Margaret MacMillan,http://books.google.com/books/content?id=dhKPDQAAQBAJ&printsec=frontcover&img=1&zoom=1&edge=curl&source=gbs_api
2003,Lucky Man: A Memoir,Michael J. Fox,http://books.google.com/books/content?id=FYmZAAAAQBAJ&printsec=frontcover&img=1&zoom=1&edge=curl&source=gbs_api
2003,No Logo: Taking Aim at the Brand Bullies,Naomi Klein,http://books.google.com/books/content?id=Yq_WAUXqRAEC&printsec=frontcover&img=1&zoom=1&edge=curl&source=gbs_api
2003,On Equilibrium,John Ralston Saul,http://books.google.com/books/content?id=w1QCBAAAQBAJ&printsec=frontcover&img=1&zoom=1&edge=curl&source=gbs_api
2004,A Complicated Kindness,Miriam Toews,http://books.google.com/books/content?id=ftoREAAAQBAJ&printsec=frontcover&img=1&zoom=1&edge=curl&source=gbs_api
2004,The Way the Crow Flies,Ann-Marie MacDonald,http://books.google.com/books/content?id=enLBTNKB3AsC&printsec=frontcover&img=1&zoom=1&edge=curl&source=gbs_api
2004,Runaway,Alice Munro,http://books.google.com/books/content?id=2rrCgLQtTtQC&printsec=frontcover&img=1&zoom=1&edge=curl&source=gbs_api
2004,The Last Light of the Sun,Guy Gavriel Kay,http://books.google.com/books/content?id=AykfPDwVr6kC&printsec=frontcover&img=1&zoom=1&source=gbs_api
2004,Vinyl Cafe Diaries,Stuart McLean,http://books.google.com/books/content?id=NUwsAQAAIAAJ&printsec=frontcover&img=1&zoom=1&source=gbs_api
2004,Life of Pi,Yann Martel,http://books.google.com/books/content?id=bM79cwyK4woC&printsec=frontcover&img=1&zoom=1&edge=curl&source=gbs_api
2004,The Last Crossing,Guy Vanderhaeghe,http://books.google.com/books/content?id=1Qrrja9ZEZIC&printsec=frontcover&img=1&zoom=1&edge=curl&source=gbs_api
2004,The Way the Crow Flies,Ann-Marie MacDonald,http://books.google.com/books/content?id=enLBTNKB3AsC&printsec=frontcover&img=1&zoom=1&edge=curl&source=gbs_api
2004,Oryx and Crake,Margaret Atwood,http://books.google.com/books/content?id=1GeHO2uy1XQC&printsec=frontcover&img=1&zoom=1&edge=curl&source=gbs_api
2004,The Romantic,Barbara Gowdy,http://books.google.com/books/content?id=fnuwF86HfdsC&printsec=frontcover&img=1&zoom=1&edge=curl&source=gbs_api
2004,The Pagan Christ: Recovering the Lost Light,Tom Harpur,http://books.google.com/books/content?id=rddsAAAAQBAJ&printsec=frontcover&img=1&zoom=1&edge=curl&source=gbs_api
2004,Shake Hands With The Devil: The Failure of Humanity in Rwanda,Romeo Dallaire,http://books.google.com/books/content?id=tNKExJ3MBIQC&printsec=frontcover&img=1&zoom=1&edge=curl&source=gbs_api
2004,Dark Age Ahead,Jane Jacobs,http://books.google.com/books/content?id=83OPEAAAQBAJ&printsec=frontcover&img=1&zoom=1&source=gbs_api
2004,Who Killed the Canadian Military?,J.L. Granatstein,http://books.google.com/books/content?id=ztAqAQAAMAAJ&printsec=frontcover&img=1&zoom=1&source=gbs_api
2004,"Juno: Canadians at D-Day June 6, 1944",Ted Barris,http://books.google.com/books/content?id=f53vAAAAMAAJ&printsec=frontcover&img=1&zoom=1&source=gbs_api
2004,The Trouble with Islam,Irshad Manji,http://books.google.com/books/content?id=wb5InXNkDacC&printsec=frontcover&img=1&zoom=1&edge=curl&source=gbs_api
2004,How to Be a Canadian,"Will Ferguson, Ian Ferguson",http://books.google.com/books/content?id=qhiqXtpNHFsC&printsec=frontcover&img=1&zoom=1&source=gbs_api
2004,Paris 1919: Six Months that Changed the World,Margaret MacMillan,http://books.google.com/books/content?id=dhKPDQAAQBAJ&printsec=frontcover&img=1&zoom=1&edge=curl&source=gbs_api
2004,Shake Hands With The Devil: The Failure of Humanity in Rwanda,Romeo Dallaire,http://books.google.com/books/content?id=tNKExJ3MBIQC&printsec=frontcover&img=1&zoom=1&edge=curl&source=gbs_api
2004,No Logo: Taking Aim at the Brand Bullies,Naomi Klein,http://books.google.com/books/content?id=Yq_WAUXqRAEC&printsec=frontcover&img=1&zoom=1&edge=curl&source=gbs_api
2004,"Fire and Ice: The United States, Canada and the Myth of Converging Values",Michael Adams,http://books.google.com/books/content?id=2YZROQAACAAJ&printsec=frontcover&img=1&zoom=1&source=gbs_api
2005,A Complicated Kindness,Miriam Toews,http://books.google.com/books/content?id=ftoREAAAQBAJ&printsec=frontcover&img=1&zoom=1&edge=curl&source=gbs_api
2005,Until I Find You,John Irving,http://books.google.com/books/content?id=YfNgYQdWw0gC&printsec=frontcover&img=1&zoom=1&edge=curl&source=gbs_api
2005,A Map of Glass,Jane Urquhart,http://books.google.com/books/content?id=zW5YLler8y8C&printsec=frontcover&img=1&zoom=1&edge=curl&source=gbs_api
2005,The Penelopiad,Margaret Atwood,http://books.google.com/books/content?id=TWFQBQAAQBAJ&printsec=frontcover&img=1&zoom=1&edge=curl&source=gbs_api
2005,Runaway,Alice Munro,http://books.google.com/books/content?id=2rrCgLQtTtQC&printsec=frontcover&img=1&zoom=1&edge=curl&source=gbs_api
2005,A Complicated Kindness,Miriam Toews,http://books.google.com/books/content?id=ftoREAAAQBAJ&printsec=frontcover&img=1&zoom=1&edge=curl&source=gbs_api
2005,Rockbound,Frank Parker Day,http://books.google.com/books/content?id=D3MzbMXv8JMC&printsec=frontcover&img=1&zoom=1&edge=curl&source=gbs_api
2005,Blink: The Power of Thinking Without Thinking,Malcolm Gladwell,http://books.google.com/books/content?id=VKGbb1hg8JAC&printsec=frontcover&img=1&zoom=1&edge=curl&source=gbs_api
2005,A Short History of Progress,Ronald Wright,http://books.google.com/books/content?id=nzWPFQIEvfEC&printsec=frontcover&img=1&zoom=1&edge=curl&source=gbs_api
2005,The Collapse of Globalism: And the Reinvention of the World,John Ralston Saul,http://books.google.com/books/content?id=6eeOAAAAMAAJ&printsec=frontcover&img=1&zoom=1&source=gbs_api
2005,The Secret Mulroney Tapes: Unguarded Confessions of a Prime Minister,Peter C. Newman,http://books.google.com/books/content?id=SlWW5UTyDRQC&printsec=frontcover&img=1&zoom=1&edge=curl&source=gbs_api
2005,Terry,Douglas Coupland,http://books.google.com/books/content?id=ZYO7AAAACAAJ&printsec=frontcover&img=1&zoom=1&source=gbs_api
2005,Race Against Time: Searching for Hope in AIDS-Ravaged Africa,Stephen Lewis,http://books.google.com/books/content?id=g6BZOLfrU_UC&printsec=frontcover&img=1&zoom=1&edge=curl&source=gbs_api
2005,Future: Tense,Gwynne Dyer,http://books.google.com/books/content?id=C_uOEAAAQBAJ&printsec=frontcover&img=1&zoom=1&source=gbs_api
2005,The Pagan Christ: Recovering the Lost Light,Tom Harpur,http://books.google.com/books/content?id=rddsAAAAQBAJ&printsec=frontcover&img=1&zoom=1&edge=curl&source=gbs_api
2005,The Tipping Point: How Little Things Can Make a Big Difference,Malcolm Gladwell,http://books.google.com/books/content?id=yBDBEGBIUmgC&printsec=frontcover&img=1&zoom=1&edge=curl&source=gbs_api
2005,Shake Hands With The Devil: The Failure of Humanity in Rwanda,Romeo Dallaire,http://books.google.com/books/content?id=tNKExJ3MBIQC&printsec=frontcover&img=1&zoom=1&edge=curl&source=gbs_api
2005,Paris 1919: Six Months that Changed the World,Margaret MacMillan,http://books.google.com/books/content?id=dhKPDQAAQBAJ&printsec=frontcover&img=1&zoom=1&edge=curl&source=gbs_api
2005,Dark Age Ahead,Jane Jacobs,http://books.google.com/books/content?id=83OPEAAAQBAJ&printsec=frontcover&img=1&zoom=1&source=gbs_api
2005,The Rebel Sell: Why the Culture Can't Be Jammed,"Joseph Heath, Andrew Potter",http://books.google.com/books/content?id=PSUFJ7-AecIC&printsec=frontcover&img=1&zoom=1&edge=curl&source=gbs_api
2005,The Road to Hell: How the Biker Gangs are Conquering Canada,"Julian Sher, William Marsden",http://books.google.com/books/content?id=ToCy5cH253YC&printsec=frontcover&img=1&zoom=1&edge=curl&source=gbs_api
2005,In Praise of Slow: How a Worldwide Movement is Challenging the Cult of Speed,Carl Honoré,http://books.google.com/books/content?id=K88bHAAACAAJ&printsec=frontcover&img=1&zoom=1&source=gbs_api
2005,Karla: A Pact with the Devil,Stephen Williams,http://books.google.com/books/content?id=eFpIQI2YMd0C&printsec=frontcover&img=1&zoom=1&edge=curl&source=gbs_api
2006,The Birth House,Ami McKay,http://books.google.com/books/content?id=Ji9AmNAI3CMC&printsec=frontcover&img=1&zoom=1&edge=curl&source=gbs_api
2006,JPod,Douglas Coupland,http://books.google.com/books/content?id=OIwKnhgP4FQC&printsec=frontcover&img=1&zoom=1&edge=curl&source=gbs_api
2006,Book of Longing,Leonard Cohen,http://books.google.com/books/content?id=ZSbiAXUaf34C&printsec=frontcover&img=1&zoom=1&edge=curl&source=gbs_api
2006,Secrets from the Vinyl Cafe,Stuart McLean,http://books.google.com/books/content?id=w9Jpa0MWJ_EC&printsec=frontcover&img=1&zoom=1&source=gbs_api
2006,The Time in Between,David Bergen,http://books.google.com/books/content?id=7b9_OeE-z1oC&printsec=frontcover&img=1&zoom=1&edge=curl&source=gbs_api
2006,Moral Disorder,Margaret Atwood,http://books.google.com/books/content?id=ZSWyq1rJMXoC&printsec=frontcover&img=1&zoom=1&edge=curl&source=gbs_api
2006,The View from the Castle,Alice Munro,http://books.google.com/books/content?id=1nbuP1yK1g4C&printsec=frontcover&img=1&zoom=1&edge=curl&source=gbs_api
2006,Bloodletting & Miraculous Cures,Vincent Lam,http://books.google.com/books/content?id=P3Zud8S_qUcC&printsec=frontcover&img=1&zoom=1&edge=curl&source=gbs_api
2006,A Complicated Kindness,Miriam Toews,http://books.google.com/books/content?id=ftoREAAAQBAJ&printsec=frontcover&img=1&zoom=1&edge=curl&source=gbs_api
2006,Blink: The Power of Thinking Without Thinking,Malcolm Gladwell,http://books.google.com/books/content?id=VKGbb1hg8JAC&printsec=frontcover&img=1&zoom=1&edge=curl&source=gbs_api
2006,Race Against Time: Searching for Hope in AIDS-Ravaged Africa,Stephen Lewis,http://books.google.com/books/content?id=g6BZOLfrU_UC&printsec=frontcover&img=1&zoom=1&edge=curl&source=gbs_api
2006,Searching for Bobby Orr,Stephen Brunt,http://books.google.com/books/content?id=N9S5cptJZ30C&printsec=frontcover&img=1&zoom=1&edge=curl&source=gbs_api
2006,Heart Matters,Adrienne Clarkson,http://books.google.com/books/content?id=rfdSB-Dm_qUC&printsec=frontcover&img=1&zoom=1&edge=curl&source=gbs_api
2006,Nixon in China: The Week That Changed the World,Margaret MacMillan,http://books.google.com/books/content?id=Aw4GV2maku4C&printsec=frontcover&img=1&zoom=1&source=gbs_api
2006,The Tipping Point: How Little Things Can Make a Big Difference,Malcolm Gladwell,http://books.google.com/books/content?id=yBDBEGBIUmgC&printsec=frontcover&img=1&zoom=1&edge=curl&source=gbs_api
2006,Shake Hands With The Devil: The Failure of Humanity in Rwanda,Romeo Dallaire,http://books.google.com/books/content?id=tNKExJ3MBIQC&printsec=frontcover&img=1&zoom=1&edge=curl&source=gbs_api
2006,Race Against Time: Searching for Hope in AIDS-Ravaged Africa,Stephen Lewis,http://books.google.com/books/content?id=g6BZOLfrU_UC&printsec=frontcover&img=1&zoom=1&edge=curl&source=gbs_api
2006,Vengeance: The True Story of an Israeli Counter-Terrorist Team,George Jonas,http://books.google.com/books/content?id=2FRsQe8YsnMC&printsec=frontcover&img=1&zoom=1&edge=curl&source=gbs_api
2007,Divisadero,Michael Ondaatje,http://books.google.com/books/content?id=fB153GOeKWMC&printsec=frontcover&img=1&zoom=1&edge=curl&source=gbs_api
2007,Lullabies for Little Criminals,Heather O'Neill,http://books.google.com/books/content?id=Mq_rCgAAQBAJ&printsec=frontcover&img=1&zoom=1&edge=curl&source=gbs_api
2007,Bloodletting & Miraculous Cures,Vincent Lam,http://books.google.com/books/content?id=P3Zud8S_qUcC&printsec=frontcover&img=1&zoom=1&edge=curl&source=gbs_api
2007,The Birth House,Ami McKay,http://books.google.com/books/content?id=Ji9AmNAI3CMC&printsec=frontcover&img=1&zoom=1&edge=curl&source=gbs_api
2007,Wikinomics: How Mass Collaboration Changes Everything,"Don Tapscott, Anthony D. Williams",http://books.google.com/books/content?id=DVomiOeBg_YC&printsec=frontcover&img=1&zoom=1&edge=curl&source=gbs_api
2007,The Rick Mercer Report: The Book,Rick Mercer,http://books.google.com/books/content?id=5xeNO-vfddgC&printsec=frontcover&img=1&zoom=1&edge=curl&source=gbs_api
2007,Blink: The Power of Thinking Without Thinking,Malcolm Gladwell,http://books.google.com/books/content?id=VKGbb1hg8JAC&printsec=frontcover&img=1&zoom=1&edge=curl&source=gbs_api
2007,The Tipping Point: How Little Things Can Make a Big Difference,Malcolm Gladwell,http://books.google.com/books/content?id=yBDBEGBIUmgC&printsec=frontcover&img=1&zoom=1&edge=curl&source=gbs_api
2008,The Shack,William P. Young,http://books.google.com/books/content?id=w6Z48NigUUgC&printsec=frontcover&img=1&zoom=1&edge=curl&source=gbs_api
2008,The Flying Troutmans,Miriam Toews,http://books.google.com/books/content?id=CeEREAAAQBAJ&printsec=frontcover&img=1&zoom=1&edge=curl&source=gbs_api
2008,The Gargoyle,Andrew Davidson,http://books.google.com/books/content?id=XjhVLCIziEkC&printsec=frontcover&img=1&zoom=1&edge=curl&source=gbs_api
2008,Through Black Spruce,Joseph Boyden,http://books.google.com/books/content?id=CjOBknwHLLYC&printsec=frontcover&img=1&zoom=1&edge=curl&source=gbs_api
2008,Late Nights On Air,Elizabeth Hay,http://books.google.com/books/content?id=OYpntV4CpTAC&printsec=frontcover&img=1&zoom=1&edge=curl&source=gbs_api
2008,The Book of Negroes,Lawrence Hill,http://books.google.com/books/content?id=iFlAAQAAIAAJ&printsec=frontcover&img=1&zoom=1&source=gbs_api
2008,Water for Elephants,Sara Gruen,http://books.google.com/books/content?id=TUwPATEThLoC&printsec=frontcover&img=1&zoom=1&edge=curl&source=gbs_api
2008,Don Cherry's Hockey Stories and Stuff,"Don Cherry, Al Strachan",http://books.google.com/books/content?id=z7OFASl5N9oC&printsec=frontcover&img=1&zoom=1&edge=curl&source=gbs_api
2008,Payback: Debt and the Shadow Side of Wealth,Margaret Atwood,http://books.google.com/books/content?id=ytxLXWxPMqgC&printsec=frontcover&img=1&zoom=1&edge=curl&source=gbs_api
2008,What Is America? A Short History of the New World Order,Ronald Wright,http://books.google.com/books/content?id=Pw4mdYH-ecUC&printsec=frontcover&img=1&zoom=1&edge=curl&source=gbs_api
2008,An Imperfect Offering: Humanitarian Action for the Twenty-First Century,James Orbinski,http://books.google.com/books/content?id=liFc_dDLlNQC&printsec=frontcover&img=1&zoom=1&edge=curl&source=gbs_api
2008,Outliers: The Story of Success,Malcolm Gladwell,http://books.google.com/books/content?id=3NSImqqnxnkC&printsec=frontcover&img=1&zoom=1&edge=curl&source=gbs_api
2008,The Shock Doctrine: The Rise of Disaster Capitalism,Naomi Klein,http://books.google.com/books/content?id=Pse7S3Q8YYQC&printsec=frontcover&img=1&zoom=1&edge=curl&source=gbs_api
2008,Stuff White People Like: A Definitive Guide to the Unique Taste of Millions,Christian Lander,http://books.google.com/books/content?id=lWipWdrHsMwC&printsec=frontcover&img=1&zoom=1&edge=curl&source=gbs_api
2008,Who Owns Canada Now?,Diane Francis,http://books.google.com/books/content?id=A8GbAAAACAAJ&printsec=frontcover&img=1&zoom=1&source=gbs_api
2008,A Fair Country: Telling Truths About Canada,John Ralston Saul,http://books.google.com/books/content?id=yhpRLCTy5JcC&printsec=frontcover&img=1&zoom=1&edge=curl&source=gbs_api
2008,The Brain that Changes Itself: Stories of Personal Triumph from the Frontiers of Brain Science,Norman Doidge,http://books.google.com/books/content?id=Qw7qj5nXSPUC&printsec=frontcover&img=1&zoom=1&edge=curl&source=gbs_api
2008,The Shock Doctrine: The Rise of Disaster Capitalism,Naomi Klein,http://books.google.com/books/content?id=Pse7S3Q8YYQC&printsec=frontcover&img=1&zoom=1&edge=curl&source=gbs_api
2008,The Rick Mercer Report: The Book,Rick Mercer,http://books.google.com/books/content?id=5xeNO-vfddgC&printsec=frontcover&img=1&zoom=1&edge=curl&source=gbs_api
2008,Blink: The Power of Thinking Without Thinking,Malcolm Gladwell,http://books.google.com/books/content?id=VKGbb1hg8JAC&printsec=frontcover&img=1&zoom=1&edge=curl&source=gbs_api
2008,"Fifteen Days: Stories of Bravery, Friendship, Life and Death from Inside the New Canadian Army",Christie Blatchford,http://books.google.com/books/content?id=DGENKHE11U8C&printsec=frontcover&img=1&zoom=1&edge=curl&source=gbs_api
2008,The Prisoner of Tehran,Marina Nemat,http://books.google.com/books/content?id=M2Y2HxcNWekC&printsec=frontcover&img=1&zoom=1&source=gbs_api
2008,This is Your Brain on Music: The Science of a Human Obsession,Daniel J. Levitin,http://books.google.com/books/content?id=prV4UrZ2df0C&printsec=frontcover&img=1&zoom=1&edge=curl&source=gbs_api
2009,The Shack,William P. Young,http://books.google.com/books/content?id=w6Z48NigUUgC&printsec=frontcover&img=1&zoom=1&edge=curl&source=gbs_api
2009,Through Black Spruce,Joseph Boyden,http://books.google.com/books/content?id=CjOBknwHLLYC&printsec=frontcover&img=1&zoom=1&edge=curl&source=gbs_api
2009,The Year of the Flood,Margaret Atwood,http://books.google.com/books/content?id=0l9oTp6IBeEC&printsec=frontcover&img=1&zoom=1&edge=curl&source=gbs_api
2009,Too Much Happiness,Alice Munro,http://books.google.com/books/content?id=DOxW6Z01SzQC&printsec=frontcover&img=1&zoom=1&edge=curl&source=gbs_api
2009,The Bishop's Man,Linden MacIntyre,http://books.google.com/books/content?id=_tkREAAAQBAJ&printsec=frontcover&img=1&zoom=1&edge=curl&source=gbs_api
2009,The Book of Negroes,Lawrence Hill,http://books.google.com/books/content?id=iFlAAQAAIAAJ&printsec=frontcover&img=1&zoom=1&source=gbs_api
2009,Outliers: The Story of Success,Malcolm Gladwell,http://books.google.com/books/content?id=3NSImqqnxnkC&printsec=frontcover&img=1&zoom=1&edge=curl&source=gbs_api
2009,Always Looking Up,Michael J. Fox,http://books.google.com/books/content?id=MUqZAAAAQBAJ&printsec=frontcover&img=1&zoom=1&edge=curl&source=gbs_api
2009,Playing with Fire,"Theo Fleury, Kirstie McLellan Day",http://books.google.com/books/content?id=uOyx1dlvTcgC&printsec=frontcover&img=1&zoom=1&edge=curl&source=gbs_api
2009,Why Your World is About to Get a Whole Lot Smaller: Oil and the End of Globalization,Jeff Rubin,http://books.google.com/books/content?id=o3gFXHafYYcC&printsec=frontcover&img=1&zoom=1&edge=curl&source=gbs_api
2009,Slow Death by Rubber Duck: How the Toxicity of Everyday Life Affects Our Health,"Rick Smith, Bruce Lourie",http://books.google.com/books/content?id=MTPj_wmxr6EC&printsec=frontcover&img=1&zoom=1&edge=curl&source=gbs_api
2009,Payback: Debt and the Shadow Side of Wealth,Margaret Atwood,http://books.google.com/books/content?id=ytxLXWxPMqgC&printsec=frontcover&img=1&zoom=1&edge=curl&source=gbs_api
2009,All of Me: A Memoir,"Anne Murray, Michael Posner",http://books.google.com/books/content?id=eD-Vs4efgbcC&printsec=frontcover&img=1&zoom=1&edge=curl&source=gbs_api
2009,What the Dog Saw: And Other Adventures,Malcolm Gladwell,http://books.google.com/books/content?id=WJOYngEACAAJ&printsec=frontcover&img=1&zoom=1&source=gbs_api
2009,Shakedown: How Our Government is Undermining Democracy In the Name of Human Rights,Ezra Levant,http://books.google.com/books/content?id=wcJmmW-fIE8C&printsec=frontcover&img=1&zoom=1&edge=curl&source=gbs_api
2009,"A Soldier First: Bullets, Bureaucrats and the Politics of War",Rick Hillier,http://books.google.com/books/content?id=aItD5u6vOrQC&printsec=frontcover&img=1&zoom=1&edge=curl&source=gbs_api
2009,Unmasked: The Final Years of Michael Jackson,Ian Halperin,http://books.google.com/books/content?id=wyaFQdNxU7sC&printsec=frontcover&img=1&zoom=1&edge=curl&source=gbs_api
2009,The Tipping Point: How Little Things Can Make a Big Difference,Malcolm Gladwell,http://books.google.com/books/content?id=yBDBEGBIUmgC&printsec=frontcover&img=1&zoom=1&edge=curl&source=gbs_api
2009,Blink: The Power of Thinking Without Thinking,Malcolm Gladwell,http://books.google.com/books/content?id=VKGbb1hg8JAC&printsec=frontcover&img=1&zoom=1&edge=curl&source=gbs_api
2009,The Brain that Changes Itself: Stories of Personal Triumph from the Frontiers of Brain Science,Norman Doidge,http://books.google.com/books/content?id=Qw7qj5nXSPUC&printsec=frontcover&img=1&zoom=1&edge=curl&source=gbs_api
2009,Don Cherry's Hockey Stories and Stuff,"Don Cherry, Al Strachan",http://books.google.com/books/content?id=z7OFASl5N9oC&printsec=frontcover&img=1&zoom=1&edge=curl&source=gbs_api
2010,Secret Daughter,Shilpi Somaya Gowda,http://books.google.com/books/content?id=GHgzwHBXrEAC&printsec=frontcover&img=1&zoom=1&edge=curl&source=gbs_api
2010,The Bishop's Man,Linden MacIntyre,http://books.google.com/books/content?id=_tkREAAAQBAJ&printsec=frontcover&img=1&zoom=1&edge=curl&source=gbs_api
2010,Beatrice and Virgil,Yann Martel,http://books.google.com/books/content?id=O6JcPNSExiYC&printsec=frontcover&img=1&zoom=1&source=gbs_api
2010,The Shack,William P. Young,http://books.google.com/books/content?id=w6Z48NigUUgC&printsec=frontcover&img=1&zoom=1&edge=curl&source=gbs_api
2010,Room,Emma Donoghue,http://books.google.com/books/content?id=j4yzEAAAQBAJ&printsec=frontcover&img=1&zoom=1&edge=curl&source=gbs_api
2010,The Book of Negroes,Lawrence Hill,http://books.google.com/books/content?id=iFlAAQAAIAAJ&printsec=frontcover&img=1&zoom=1&source=gbs_api
2010,Outliers: The Story of Success,Malcolm Gladwell,http://books.google.com/books/content?id=3NSImqqnxnkC&printsec=frontcover&img=1&zoom=1&edge=curl&source=gbs_api
2010,What the Dog Saw: And Other Adventures,Malcolm Gladwell,http://books.google.com/books/content?id=WJOYngEACAAJ&printsec=frontcover&img=1&zoom=1&source=gbs_api
2010,I Shall Not Hate,Izzeldin Abuelaish,http://books.google.com/books/content?id=2ooAgL-6MLgC&printsec=frontcover&img=1&zoom=1&edge=curl&source=gbs_api
2010,Playing with Fire,"Theo Fleury, Kirstie McLellan Day",http://books.google.com/books/content?id=uOyx1dlvTcgC&printsec=frontcover&img=1&zoom=1&edge=curl&source=gbs_api
2010,A Funny Thing Happened on the Way to the Future,Michael J. Fox,http://books.google.com/books/content?id=TVaZAAAAQBAJ&printsec=frontcover&img=1&zoom=1&edge=curl&source=gbs_api
2010,Changing My Mind,Margaret Trudeau,http://books.google.com/books/content?id=wS3fH6xrQ1IC&printsec=frontcover&img=1&zoom=1&edge=curl&source=gbs_api
2010,Tough Guy: My Life on the Edge,"Bob Probert, Kirstie McLellan Day",http://books.google.com/books/content?id=QZZmBgAAQBAJ&printsec=frontcover&img=1&zoom=1&edge=curl&source=gbs_api
2010,Blink: The Power of Thinking Without Thinking,Malcolm Gladwell,http://books.google.com/books/content?id=VKGbb1hg8JAC&printsec=frontcover&img=1&zoom=1&edge=curl&source=gbs_api
2010,The Tipping Point: How Little Things Can Make a Big Difference,Malcolm Gladwell,http://books.google.com/books/content?id=yBDBEGBIUmgC&printsec=frontcover&img=1&zoom=1&edge=curl&source=gbs_api
2010,The Brain that Changes Itself: Stories of Personal Triumph from the Frontiers of Brain Science,Norman Doidge,http://books.google.com/books/content?id=Qw7qj5nXSPUC&printsec=frontcover&img=1&zoom=1&edge=curl&source=gbs_api
2010,Playing with Fire,"Theo Fleury, Kirstie McLellan Day",http://books.google.com/books/content?id=uOyx1dlvTcgC&printsec=frontcover&img=1&zoom=1&edge=curl&source=gbs_api
2010,Always Looking Up: The Adventures of an Incurable Optimist,Michael J. Fox,http://books.google.com/books/content?id=MUqZAAAAQBAJ&printsec=frontcover&img=1&zoom=1&edge=curl&source=gbs_api
2010,Why Your World is About to Get a Whole Lot Smaller: Oil and the End of Globalization,Jeff Rubin,http://books.google.com/books/content?id=o3gFXHafYYcC&printsec=frontcover&img=1&zoom=1&edge=curl&source=gbs_api
2011,Secret Daughter,Shilpi Somaya Gowda,http://books.google.com/books/content?id=GHgzwHBXrEAC&printsec=frontcover&img=1&zoom=1&edge=curl&source=gbs_api
2011,Room,Emma Donoghue,http://books.google.com/books/content?id=j4yzEAAAQBAJ&printsec=frontcover&img=1&zoom=1&edge=curl&source=gbs_api
2011,The Cat's Table,Michael Ondaatje,http://books.google.com/books/content?id=IAptB4TZ3nkC&printsec=frontcover&img=1&zoom=1&edge=curl&source=gbs_api
2011,Alone in the Classroom,Elizabeth Hay,http://books.google.com/books/content?id=lwEtBAAAQBAJ&printsec=frontcover&img=1&zoom=1&edge=curl&source=gbs_api
2011,Irma Voth,Miriam Toews,http://books.google.com/books/content?id=x8JGSYkQlgMC&printsec=frontcover&img=1&zoom=1&edge=curl&source=gbs_api
2011,The Sentimentalists,Johanna Skibsrud,http://books.google.com/books/content?id=PBBog72ukuEC&printsec=frontcover&img=1&zoom=1&edge=curl&source=gbs_api
2011,Half-Blood Blues,Esi Edugyan,http://books.google.com/books/content?id=gOLgAuSIHnEC&printsec=frontcover&img=1&zoom=1&edge=curl&source=gbs_api
2011,Water for Elephants,Sara Gruen,http://books.google.com/books/content?id=TUwPATEThLoC&printsec=frontcover&img=1&zoom=1&edge=curl&source=gbs_api
2011,Room,Emma Donoghue,http://books.google.com/books/content?id=j4yzEAAAQBAJ&printsec=frontcover&img=1&zoom=1&edge=curl&source=gbs_api
2011,The Best Laid Plans,Terry Fallis,http://books.google.com/books/content?id=ubV87t0Bc-wC&printsec=frontcover&img=1&zoom=1&edge=curl&source=gbs_api
2011,From This Moment On,Shania Twain,http://books.google.com/books/content?id=3jtDzg9xHpwC&printsec=frontcover&img=1&zoom=1&edge=curl&source=gbs_api
2011,The Tiger: A True Story of Vengeance and Survival,John Vaillant,http://books.google.com/books/content?id=tWtQ9M6opbIC&printsec=frontcover&img=1&zoom=1&edge=curl&source=gbs_api
2011,After America: Get Ready for Armageddon,Mark Steyn,https://images-na.ssl-images-amazon.com/images/S/compressed.photo.goodreads.com/books/1327948639i/6443841.jpg
2011,Under an Afghan Sky: A Memoir of Captivity,Mellissa Fung,http://books.google.com/books/content?id=0YJGi29Jz-0C&printsec=frontcover&img=1&zoom=1&edge=curl&source=gbs_api
2011,Tough Guy: My Life on the Edge,"Bob Probert, Kirstie McLellan Day",http://books.google.com/books/content?id=QZZmBgAAQBAJ&printsec=frontcover&img=1&zoom=1&edge=curl&source=gbs_api
2011,A Matter of Principle,Conrad Black,http://books.google.com/books/content?id=oYP90XbaVMkC&printsec=frontcover&img=1&zoom=1&edge=curl&source=gbs_api
2011,"Nation Maker: Sir John A. Macdonald: His Life, Our Times Vol. Two 1967-1891",Richard Gwyn,http://books.google.com/books/content?id=ljccKC4pbqsC&printsec=frontcover&img=1&zoom=1&edge=curl&source=gbs_api
2011,What the Dog Saw: And Other Adventures,Malcolm Gladwell,http://books.google.com/books/content?id=WJOYngEACAAJ&printsec=frontcover&img=1&zoom=1&source=gbs_api
2011,Outliers: The Story of Success,Malcolm Gladwell,http://books.google.com/books/content?id=3NSImqqnxnkC&printsec=frontcover&img=1&zoom=1&edge=curl&source=gbs_api
2011,The Brain that Changes Itself: Stories of Personal Triumph from the Frontiers of Brain Science,Norman Doidge,http://books.google.com/books/content?id=Qw7qj5nXSPUC&printsec=frontcover&img=1&zoom=1&edge=curl&source=gbs_api
2011,The Tipping Point: How Little Things Can Make a Big Difference,Malcolm Gladwell,http://books.google.com/books/content?id=yBDBEGBIUmgC&printsec=frontcover&img=1&zoom=1&edge=curl&source=gbs_api
2011,Playing with Fire,"Theo Fleury, Kirstie McLellan Day",http://books.google.com/books/content?id=uOyx1dlvTcgC&printsec=frontcover&img=1&zoom=1&edge=curl&source=gbs_api
2011,Blink: The Power of Thinking Without Thinking,Malcolm Gladwell,http://books.google.com/books/content?id=VKGbb1hg8JAC&printsec=frontcover&img=1&zoom=1&edge=curl&source=gbs_api
2012,The Sisters Brothers,Patrick deWitt,http://books.google.com/books/content?id=4F70bFxYJagC&printsec=frontcover&img=1&zoom=1&edge=curl&source=gbs_api
2012,Half-Blood Blues,Esi Edugyan,http://books.google.com/books/content?id=gOLgAuSIHnEC&printsec=frontcover&img=1&zoom=1&edge=curl&source=gbs_api
2012,419,Will Ferguson,https://books.google.co.uk/books/content?id=cf44NkwwcC4C&printsec=frontcover&img=1&zoom=1&imgtk=AFLRE71pCfry8FB-t3IQJ-ooEHIMNi_niqNp7dpkHkYQ4GWoe2v4yG5l3ssTkeiG5xhaxmICG77Qfk1EDrhrGsdX3Gl6DCrPafh3v-6AmJmOMKBwk_0MNXB_B_ys08byp6es08a74J3G
2012,The Cat's Table,Michael Ondaatje,http://books.google.com/books/content?id=IAptB4TZ3nkC&printsec=frontcover&img=1&zoom=1&edge=curl&source=gbs_api
2012,Gabriel's Inferno,Sylvain Reynard,http://books.google.com/books/content?id=CbLOuqfEdHcC&printsec=frontcover&img=1&zoom=1&edge=curl&source=gbs_api
2012,Gabriel's Rapture,Sylvain Reynard,http://books.google.com/books/content?id=_dlDRtUF3VoC&printsec=frontcover&img=1&zoom=1&edge=curl&source=gbs_api
2012,Life of Pi,Yann Martel,http://books.google.com/books/content?id=bM79cwyK4woC&printsec=frontcover&img=1&zoom=1&edge=curl&source=gbs_api
2012,The End of Growth,Jeff Rubin,http://books.google.com/books/content?id=y4oCqP_yY4EC&printsec=frontcover&img=1&zoom=1&edge=curl&source=gbs_api
2012,Waging Heavy Peace,Neil Young,http://books.google.com/books/content?id=Sa2KDQAAQBAJ&printsec=frontcover&img=1&zoom=1&edge=curl&source=gbs_api
2012,"Into the Silence: The Great War, Mallory, and the Conquest of Everest",Wade Davis,http://books.google.com/books/content?id=ZQsLrPO0TuoC&printsec=frontcover&img=1&zoom=1&edge=curl&source=gbs_api
2012,A Thousand Farewells: A Reporter's Journey from Refugee Camp to the Arab Spring,Nahlah Ayed,http://books.google.com/books/content?id=Ee5a0Clo8bYC&printsec=frontcover&img=1&zoom=1&edge=curl&source=gbs_api
2012,A Nation Worth Ranting About,Rick Mercer,http://books.google.com/books/content?id=Ps9vDwAAQBAJ&printsec=frontcover&img=1&zoom=1&edge=curl&source=gbs_api
2012,The Kind of Life It's Been: A Memoir,Lloyd Robertson,http://books.google.com/books/content?id=-EYkfId5JmYC&printsec=frontcover&img=1&zoom=1&edge=curl&source=gbs_api
2012,1982,Jian Ghomeshi,http://books.google.com/books/content?id=bzik6FnGPsgC&printsec=frontcover&img=1&zoom=1&source=gbs_api
2012,The Tiger: A True Story of Vengeance and Survival,John Vaillant,http://books.google.com/books/content?id=tWtQ9M6opbIC&printsec=frontcover&img=1&zoom=1&edge=curl&source=gbs_api
2012,Something Fierce: Memoirs of a Revolutionary Daughter,Carmen Aguirre,http://books.google.com/books/content?id=h8pvDwAAQBAJ&printsec=frontcover&img=1&zoom=1&edge=curl&source=gbs_api
2012,Outliers: The Story of Success,Malcolm Gladwell,http://books.google.com/books/content?id=3NSImqqnxnkC&printsec=frontcover&img=1&zoom=1&edge=curl&source=gbs_api
2012,The Prisoner of Tehran,Marina Nemat,http://books.google.com/books/content?id=M2Y2HxcNWekC&printsec=frontcover&img=1&zoom=1&source=gbs_api
2012,The Game,Ken Dryden,http://books.google.com/books/content?id=AzAmc5usXAEC&printsec=frontcover&img=1&zoom=1&edge=curl&source=gbs_api
2013,419,Will Ferguson,https://books.google.co.uk/books/content?id=cf44NkwwcC4C&printsec=frontcover&img=1&zoom=1&imgtk=AFLRE71pCfry8FB-t3IQJ-ooEHIMNi_niqNp7dpkHkYQ4GWoe2v4yG5l3ssTkeiG5xhaxmICG77Qfk1EDrhrGsdX3Gl6DCrPafh3v-6AmJmOMKBwk_0MNXB_B_ys08byp6es08a74J3G
2013,The Painted Girls,Cathy Marie Buchanan,http://books.google.com/books/content?id=ML1x0QKHtF4C&printsec=frontcover&img=1&zoom=1&edge=curl&source=gbs_api
2013,S.E.C.R.E.T.,L. Marie Adeline,http://books.google.com/books/content?id=-M2sdfquhXwC&printsec=frontcover&img=1&zoom=1&source=gbs_api
2013,The Orenda,Joseph Boyden,http://books.google.com/books/content?id=T6YcAgAAQBAJ&printsec=frontcover&img=1&zoom=1&edge=curl&source=gbs_api
2013,The Imposter Bride,Nancy Richler,http://books.google.com/books/content?id=dbGwXcAAfBcC&printsec=frontcover&img=1&zoom=1&edge=curl&source=gbs_api
2013,Life of Pi,Yann Martel,http://books.google.com/books/content?id=bM79cwyK4woC&printsec=frontcover&img=1&zoom=1&edge=curl&source=gbs_api
2013,Dear Life: Stories,Alice Munro,http://books.google.com/books/content?id=34IMBgAAQBAJ&printsec=frontcover&img=1&zoom=1&edge=curl&source=gbs_api
2013,Orr: My Story,Bobby Orr,http://books.google.com/books/content?id=RPKzx1E5z4sC&printsec=frontcover&img=1&zoom=1&edge=curl&source=gbs_api
2013,An Astronaut's Guide to Life on Earth,Chris Hadfield,http://books.google.com/books/content?id=fohmsLst158C&printsec=frontcover&img=1&zoom=1&edge=curl&source=gbs_api
2013,"David and Goliath: Underdogs, Misfits, and the Art of Battling Giants",Malcolm Gladwell,http://books.google.com/books/content?id=oICRAwAAQBAJ&printsec=frontcover&img=1&zoom=1&edge=curl&source=gbs_api
2013,A House in the Sky,"Amanda Lindhout, Sara Corbett",http://books.google.com/books/content?id=D4_HAwAAQBAJ&printsec=frontcover&img=1&zoom=1&edge=curl&source=gbs_api
2013,The Flood of 2013: A Summer of Angry Rivers in Southern Alberta,Calgary Herald staff,http://books.google.com/books/content?id=qIU7ngEACAAJ&printsec=frontcover&img=1&zoom=1&source=gbs_api
2013,A Great Game: The Forgotten Leafs and the Rise of Professional Hockey,Stephen J. Harper,http://books.google.com/books/content?id=NUOIAAAAQBAJ&printsec=frontcover&img=1&zoom=1&edge=curl&source=gbs_api
2013,"The Cold Hard Truth on Men, Women and Money",Kevin O'Leary,http://books.google.com/books/content?id=bR3rzF0ycDIC&printsec=frontcover&img=1&zoom=1&edge=curl&source=gbs_api
2013,The War that Ended Peace: The Road to 1914,Margaret MacMillan,http://books.google.com/books/content?id=xjLz2685I74C&printsec=frontcover&img=1&zoom=1&edge=curl&source=gbs_api
2013,Waging Heavy Peace,Neil Young,http://books.google.com/books/content?id=Sa2KDQAAQBAJ&printsec=frontcover&img=1&zoom=1&edge=curl&source=gbs_api
2013,Outliers: The Story of Success,Malcolm Gladwell,http://books.google.com/books/content?id=3NSImqqnxnkC&printsec=frontcover&img=1&zoom=1&edge=curl&source=gbs_api
2013,The Power of Why,Amanda Lang,http://books.google.com/books/content?id=rUADs-rPGdgC&printsec=frontcover&img=1&zoom=1&edge=curl&source=gbs_api
2013,GSP: The Way of the Fight,Georges St. Pierre,http://books.google.com/books/content?id=nxlAwQEACAAJ&printsec=frontcover&img=1&zoom=1&source=gbs_api
2013,Looptail: How One Company Changed the World by Reinventing Business,Bruce Poon Tip,http://books.google.com/books/content?id=K9GnRXR0jcsC&printsec=frontcover&img=1&zoom=1&edge=curl&source=gbs_api
2013,Blink: The Power of Thinking Without Thinking,Malcolm Gladwell,http://books.google.com/books/content?id=VKGbb1hg8JAC&printsec=frontcover&img=1&zoom=1&edge=curl&source=gbs_api
2014,The Orenda,Joseph Boyden,http://books.google.com/books/content?id=T6YcAgAAQBAJ&printsec=frontcover&img=1&zoom=1&edge=curl&source=gbs_api
2014,Dear Life: Stories,Alice Munro,http://books.google.com/books/content?id=34IMBgAAQBAJ&printsec=frontcover&img=1&zoom=1&edge=curl&source=gbs_api
2014,My Best Stories,Alice Munro,http://books.google.com/books/content?id=yrOMEAAAQBAJ&printsec=frontcover&img=1&zoom=1&source=gbs_api
2014,An Astronaut's Guide to Life on Earth,Chris Hadfield,http://books.google.com/books/content?id=fohmsLst158C&printsec=frontcover&img=1&zoom=1&edge=curl&source=gbs_api
2014,Orr: My Story,Bobby Orr,http://books.google.com/books/content?id=RPKzx1E5z4sC&printsec=frontcover&img=1&zoom=1&edge=curl&source=gbs_api
2014,You Are Here: Around the World in 92 Seconds,Chris Hadfield,http://books.google.com/books/content?id=SimOAwAAQBAJ&printsec=frontcover&img=1&zoom=1&edge=curl&source=gbs_api
2014,"David and Goliath: Underdogs, Misfits, and the Art of Battling Giants",Malcolm Gladwell,http://books.google.com/books/content?id=oICRAwAAQBAJ&printsec=frontcover&img=1&zoom=1&edge=curl&source=gbs_api
2014,Mr. Hockey: The Autobiography,Gordie Howe,http://books.google.com/books/content?id=DedhAwAAQBAJ&printsec=frontcover&img=1&zoom=1&edge=curl&source=gbs_api
2014,A House in the Sky,"Amanda Lindhout, Sara Corbett",http://books.google.com/books/content?id=D4_HAwAAQBAJ&printsec=frontcover&img=1&zoom=1&edge=curl&source=gbs_api
2014,A Great Game: The Forgotten Leafs and the Rise of Professional Hockey,Stephen J. Harper,http://books.google.com/books/content?id=NUOIAAAAQBAJ&printsec=frontcover&img=1&zoom=1&edge=curl&source=gbs_api
2014,The War that Ended Peace: The Road to 1914,Margaret MacMillan,http://books.google.com/books/content?id=xjLz2685I74C&printsec=frontcover&img=1&zoom=1&edge=curl&source=gbs_api
2014,The Flood of 2013: A Summer of Angry Rivers in Southern Alberta,Calgary Herald staff,http://books.google.com/books/content?id=qIU7ngEACAAJ&printsec=frontcover&img=1&zoom=1&source=gbs_api
2014,Common Ground,Justin Trudeau,http://books.google.com/books/content?id=4D2EAwAAQBAJ&printsec=frontcover&img=1&zoom=1&edge=curl&source=gbs_api
2014,"The Cold Hard Truth on Men, Women and Money",Kevin O'Leary,http://books.google.com/books/content?id=bR3rzF0ycDIC&printsec=frontcover&img=1&zoom=1&edge=curl&source=gbs_api
2014,Where I Belong: Small Town to Great Big Sea,Alan Doyle,http://books.google.com/books/content?id=EjfaCwAAQBAJ&printsec=frontcover&img=1&zoom=1&edge=curl&source=gbs_api
2014,Crazy Town: The Rob Ford Story,Robyn Doolittle,http://books.google.com/books/content?id=tlC4AQAAQBAJ&printsec=frontcover&img=1&zoom=1&edge=curl&source=gbs_api
2015,The Book of Negroes,Lawrence Hill,http://books.google.com/books/content?id=iFlAAQAAIAAJ&printsec=frontcover&img=1&zoom=1&source=gbs_api
2015,All My Puny Sorrows,Miriam Toews,http://books.google.com/books/content?id=nhazDwAAQBAJ&printsec=frontcover&img=1&zoom=1&edge=curl&source=gbs_api
2015,The Illegal,Lawrence Hill,http://books.google.com/books/content?id=mvd1CQAAQBAJ&printsec=frontcover&img=1&zoom=1&edge=curl&source=gbs_api
2015,After the War is Over,Jennifer Robson,http://books.google.com/books/content?id=yx_ABQAAQBAJ&printsec=frontcover&img=1&zoom=1&edge=curl&source=gbs_api
2015,The Nature of the Beast,Louise Penny,http://books.google.com/books/content?id=LltpBgAAQBAJ&printsec=frontcover&img=1&zoom=1&edge=curl&source=gbs_api
2015,Vinyl Cafe Turns the Page,Stuart McLean,http://books.google.com/books/content?id=bgiTEAAAQBAJ&printsec=frontcover&img=1&zoom=1&source=gbs_api
2015,Fifteen Dogs,Andre Alexis,http://books.google.com/books/content?id=Y4D2BwAAQBAJ&printsec=frontcover&img=1&zoom=1&edge=curl&source=gbs_api
2015,Broken Promise,Linwood Barclay,http://books.google.com/books/content?id=07vsBAAAQBAJ&printsec=frontcover&img=1&zoom=1&edge=curl&source=gbs_api
2015,Someone is Watching,Joy Fielding,http://books.google.com/books/content?id=NoVoBAAAQBAJ&printsec=frontcover&img=1&zoom=1&edge=curl&source=gbs_api
2015,The Inconvenient Indian: A Curious Accoint of Native People in North America,Thomas King,http://books.google.com/books/content?id=dLk-DwAAQBAJ&printsec=frontcover&img=1&zoom=1&edge=curl&source=gbs_api
2015,A Brain's Way of Healing: Remarkable Discoveries and Recoveries from the Frontiers of Neuroplasticity,Norman Doidge,http://books.google.com/books/content?id=2YvMAwAAQBAJ&printsec=frontcover&img=1&zoom=1&edge=curl&source=gbs_api
2015,"Open Heart, Open Mind",Clara Hughes,http://books.google.com/books/content?id=Y_HLDQAAQBAJ&printsec=frontcover&img=1&zoom=1&edge=curl&source=gbs_api
2015,A House in the Sky,"Amanda Lindhout, Sara Corbett",http://books.google.com/books/content?id=D4_HAwAAQBAJ&printsec=frontcover&img=1&zoom=1&edge=curl&source=gbs_api
2015,Shift Work,Tie Domi,http://books.google.com/books/content?id=bpXlCQAAQBAJ&printsec=frontcover&img=1&zoom=1&edge=curl&source=gbs_api
2015,"David and Goliath: Underdogs, Misfits, and the Art of Battling Giants",Malcolm Gladwell,http://books.google.com/books/content?id=oICRAwAAQBAJ&printsec=frontcover&img=1&zoom=1&edge=curl&source=gbs_api
2015,Hockey Towns: The Untold Stories from the Heart of Canada,"Ron MacLean, Kirstie McLellan Day",http://books.google.com/books/content?id=qBwXCAAAQBAJ&printsec=frontcover&img=1&zoom=1&edge=curl&source=gbs_api
2015,You Are Here: Around the World in 92 Seconds,Chris Hadfield,http://books.google.com/books/content?id=SimOAwAAQBAJ&printsec=frontcover&img=1&zoom=1&edge=curl&source=gbs_api
2015,Unflinching: The Making of a Canadian Sniper,Jody Mitic,http://books.google.com/books/content?id=tVMjBQAAQBAJ&printsec=frontcover&img=1&zoom=1&edge=curl&source=gbs_api
2015,An Astronaut's Guide to Life on Earth,Chris Hadfield,http://books.google.com/books/content?id=fohmsLst158C&printsec=frontcover&img=1&zoom=1&edge=curl&source=gbs_api
2016,The Couple Next Door,Shari Lapena,http://books.google.com/books/content?id=wqhPEAAAQBAJ&printsec=frontcover&img=1&zoom=1&edge=curl&source=gbs_api
2016,The Illegal,Lawrence Hill,http://books.google.com/books/content?id=mvd1CQAAQBAJ&printsec=frontcover&img=1&zoom=1&edge=curl&source=gbs_api
2016,Milk and Honey,Rupi Kaur,http://books.google.com/books/content?id=WoWfCgAAQBAJ&printsec=frontcover&img=1&zoom=1&edge=curl&source=gbs_api
2016,Fifteen Dogs,Andre Alexis,http://books.google.com/books/content?id=Y4D2BwAAQBAJ&printsec=frontcover&img=1&zoom=1&edge=curl&source=gbs_api
2016,Room,Emma Donoghue,http://books.google.com/books/content?id=j4yzEAAAQBAJ&printsec=frontcover&img=1&zoom=1&edge=curl&source=gbs_api
2016,Still Mine,Amy Stuart,http://books.google.com/books/content?id=yRILEAAAQBAJ&printsec=frontcover&img=1&zoom=1&edge=curl&source=gbs_api
2016,Wenjack,Joseph Boyden,http://books.google.com/books/content?id=Zo8TDAAAQBAJ&printsec=frontcover&img=1&zoom=1&source=gbs_api
2016,The High Mountains of Portugal,Yann Martel,http://books.google.com/books/content?id=29TvCAAAQBAJ&printsec=frontcover&img=1&zoom=1&edge=curl&source=gbs_api
2016,Do Not Say We Have Nothing,Madeleine Thien,http://books.google.com/books/content?id=22pBswEACAAJ&printsec=frontcover&img=1&zoom=1&source=gbs_api
2016,Secret Path,"Gord Downie, Jeff Lemire",http://books.google.com/books/content?id=Gbk9DQAAQBAJ&printsec=frontcover&img=1&zoom=1&edge=curl&source=gbs_api
2016,99: Stories of the Game,Wayne Gretzky,http://books.google.com/books/content?id=TyKfCwAAQBAJ&printsec=frontcover&img=1&zoom=1&edge=curl&source=gbs_api
2016,The Happiness Equation,Neil Pasricha,http://books.google.com/books/content?id=QOEMBgAAQBAJ&printsec=frontcover&img=1&zoom=1&edge=curl&source=gbs_api
2016,Bleeding Blue,Wendel Clark,http://books.google.com/books/content?id=WlU3DwAAQBAJ&printsec=frontcover&img=1&zoom=1&edge=curl&source=gbs_api
2016,Canada,Mike Myers,http://books.google.com/books/content?id=fJ9-DwAAQBAJ&printsec=frontcover&img=1&zoom=1&edge=curl&source=gbs_api
2016,A House in the Sky,"Amanda Lindhout, Sara Corbett",http://books.google.com/books/content?id=D4_HAwAAQBAJ&printsec=frontcover&img=1&zoom=1&edge=curl&source=gbs_api
2016,A Brain's Way of Healing: Remarkable Discoveries and Recoveries from the Frontiers of Neuroplasticity,Norman Doidge,http://books.google.com/books/content?id=2YvMAwAAQBAJ&printsec=frontcover&img=1&zoom=1&edge=curl&source=gbs_api
2016,The Inconvenient Indian: A Curious Accoint of Native People in North America,Thomas King,http://books.google.com/books/content?id=dLk-DwAAQBAJ&printsec=frontcover&img=1&zoom=1&edge=curl&source=gbs_api
2016,Unflinching: The Making of a Canadian Sniper,Jody Mitic,http://books.google.com/books/content?id=tVMjBQAAQBAJ&printsec=frontcover&img=1&zoom=1&edge=curl&source=gbs_api
2016,Don Cherry's Sports Heroes,Don Cherry,http://books.google.com/books/content?id=2iw8DwAAQBAJ&printsec=frontcover&img=1&zoom=1&edge=curl&source=gbs_api
2016,An Astronaut's Guide to Life on Earth,Chris Hadfield,http://books.google.com/books/content?id=fohmsLst158C&printsec=frontcover&img=1&zoom=1&edge=curl&source=gbs_api
2017,The Sun and Her Flowers,Rupi Kaur,http://books.google.com/books/content?id=C4xyEAAAQBAJ&printsec=frontcover&img=1&zoom=1&edge=curl&source=gbs_api
2017,The Handmaid's Tale,Margaret Atwood,http://books.google.com/books/content?id=cRPKOzWlOfUC&printsec=frontcover&img=1&zoom=1&edge=curl&source=gbs_api
2017,Milk and Honey,Rupi Kaur,http://books.google.com/books/content?id=WoWfCgAAQBAJ&printsec=frontcover&img=1&zoom=1&edge=curl&source=gbs_api
2017,The Handmaid's Tale (2011 edition),Margaret Atwood,http://books.google.com/books/content?id=cRPKOzWlOfUC&printsec=frontcover&img=1&zoom=1&edge=curl&source=gbs_api
2017,A Stranger in the House,Shari Lapena,http://books.google.com/books/content?id=xqhPEAAAQBAJ&printsec=frontcover&img=1&zoom=1&edge=curl&source=gbs_api
2017,Fifteen Dogs,Andre Alexis,http://books.google.com/books/content?id=Y4D2BwAAQBAJ&printsec=frontcover&img=1&zoom=1&edge=curl&source=gbs_api
2017,Glass Houses,Louise Penny,http://books.google.com/books/content?id=6yIzDwAAQBAJ&printsec=frontcover&img=1&zoom=1&edge=curl&source=gbs_api
2017,The Break,Katherena Vermette,http://books.google.com/books/content?id=-l_eCwAAQBAJ&printsec=frontcover&img=1&zoom=1&edge=curl&source=gbs_api
2017,Alias Grace,Margaret Atwood,http://books.google.com/books/content?id=Ero6KfhNo7gC&printsec=frontcover&img=1&zoom=1&edge=curl&source=gbs_api
2017,The Couple Next Door,Shari Lapena,http://books.google.com/books/content?id=wqhPEAAAQBAJ&printsec=frontcover&img=1&zoom=1&edge=curl&source=gbs_api
2017,Killer: My Life in Hockey,"Doug Gilmour, Dan Robson",http://books.google.com/books/content?id=0cj3DQAAQBAJ&printsec=frontcover&img=1&zoom=1&edge=curl&source=gbs_api
2017,How to be a Bawse: A Guide to Conquering Life,Lilly Singh,http://books.google.com/books/content?id=SAywDAAAQBAJ&printsec=frontcover&img=1&zoom=1&edge=curl&source=gbs_api
2017,Feeding my Mother: Comfort and Laughter in the Kitchen as My Mom Lives with Memory Loss,Jann Arden,http://books.google.com/books/content?id=1b6NDwAAQBAJ&printsec=frontcover&img=1&zoom=1&edge=curl&source=gbs_api
2017,No is Not Enough: Resisting the New Shock Politics and Winning the World We Need,Naomi Klein,http://books.google.com/books/content?id=anObDgAAQBAJ&printsec=frontcover&img=1&zoom=1&edge=curl&source=gbs_api
2017,A House in the Sky,"Amanda Lindhout, Sara Corbett",http://books.google.com/books/content?id=D4_HAwAAQBAJ&printsec=frontcover&img=1&zoom=1&edge=curl&source=gbs_api
2017,"A Newfoundlander in Canada: Always Going Somewhere, Always Coming Home",Alan Doyle,http://books.google.com/books/content?id=umeBDwAAQBAJ&printsec=frontcover&img=1&zoom=1&edge=curl&source=gbs_api
2017,The Inconvenient Indian: A Curious Accoint of Native People in North America,Thomas King,http://books.google.com/books/content?id=dLk-DwAAQBAJ&printsec=frontcover&img=1&zoom=1&edge=curl&source=gbs_api
2017,Nine Lessons I Learned from My Father,Murray Howe,http://books.google.com/books/content?id=GMYPDgAAQBAJ&printsec=frontcover&img=1&zoom=1&edge=curl&source=gbs_api
2017,They Left Us Everything: A Memoir,Plum Johnson,http://books.google.com/books/content?id=pTHRCgAAQBAJ&printsec=frontcover&img=1&zoom=1&edge=curl&source=gbs_api
2017,"Game Change: The Life and Death of Steve Montador, and the Future of Hockey",Ken Dryden,http://books.google.com/books/content?id=ZjqzDwAAQBAJ&printsec=frontcover&img=1&zoom=1&edge=curl&source=gbs_api
2018,The Sun and Her Flowers,Rupi Kaur,http://books.google.com/books/content?id=C4xyEAAAQBAJ&printsec=frontcover&img=1&zoom=1&edge=curl&source=gbs_api
2018,Milk and Honey,Rupi Kaur,http://books.google.com/books/content?id=WoWfCgAAQBAJ&printsec=frontcover&img=1&zoom=1&edge=curl&source=gbs_api
2018,The Home for Unwanted Girls,Joanna Goodman,http://books.google.com/books/content?id=DIEqDwAAQBAJ&printsec=frontcover&img=1&zoom=1&edge=curl&source=gbs_api
2018,The Marrow Thieves,Cherie Dimaline,http://books.google.com/books/content?id=XvITEAAAQBAJ&printsec=frontcover&img=1&zoom=1&edge=curl&source=gbs_api
2018,Washington Black,Esi Edugyan,http://books.google.com/books/content?id=XNRGDwAAQBAJ&printsec=frontcover&img=1&zoom=1&edge=curl&source=gbs_api
2018,The Dutch Wife,Ellen Keith,http://books.google.com/books/content?id=kvw_DwAAQBAJ&printsec=frontcover&img=1&zoom=1&edge=curl&source=gbs_api
2018,Warlight,Michael Ondaatje,http://books.google.com/books/content?id=k8cyDwAAQBAJ&printsec=frontcover&img=1&zoom=1&edge=curl&source=gbs_api
2018,Women Talking,Miriam Toews,http://books.google.com/books/content?id=46dvDwAAQBAJ&printsec=frontcover&img=1&zoom=1&edge=curl&source=gbs_api
2018,An Unwanted Guest,Shari Lapena,http://books.google.com/books/content?id=AqVPEAAAQBAJ&printsec=frontcover&img=1&zoom=1&edge=curl&source=gbs_api
2018,The Handmaid's Tale,Margaret Atwood,http://books.google.com/books/content?id=cRPKOzWlOfUC&printsec=frontcover&img=1&zoom=1&edge=curl&source=gbs_api
2018,12 Rules for Life: An Antidote to Chaos,Jordan Peterson,http://books.google.com/books/content?id=6XxX0AEACAAJ&printsec=frontcover&img=1&zoom=1&source=gbs_api
2018,Cujo: The Untold Story of My Life on and Off the Ice,"Curtis Joseph, Kirstie McLellan Day",http://books.google.com/books/content?id=M6txDwAAQBAJ&printsec=frontcover&img=1&zoom=1&edge=curl&source=gbs_api
2018,Rick Mercer Final Report,Rick Mercer,http://books.google.com/books/content?id=BjuzDwAAQBAJ&printsec=frontcover&img=1&zoom=1&edge=curl&source=gbs_api
2018,Bobby: My Story in Pictures,Bobby Orr,http://books.google.com/books/content?id=bcCOEAAAQBAJ&printsec=frontcover&img=1&zoom=1&source=gbs_api
2018,Forgiveness: A Gift from My Grandparents,Mark Sakamoto,http://books.google.com/books/content?id=bjeYAgAAQBAJ&printsec=frontcover&img=1&zoom=1&edge=curl&source=gbs_api
2018,Trumpocracy: Corruption of the American Republic,David Frum,http://books.google.com/books/content?id=MUrFDgAAQBAJ&printsec=frontcover&img=1&zoom=1&edge=curl&source=gbs_api
2018,"Seven Fallen Feathers: Racism, Death, and Hard Truths in a Northern City",Tanya Talaga,http://books.google.com/books/content?id=pqAvDwAAQBAJ&printsec=frontcover&img=1&zoom=1&edge=curl&source=gbs_api
2018,"Right Here, Right Now: Politics and Leadership in the Age of Disruption",Stephen J. Harper,http://books.google.com/books/content?id=ZDqzDwAAQBAJ&printsec=frontcover&img=1&zoom=1&edge=curl&source=gbs_api
2018,The Never-Ending Present: The Story of Gord Downie and the Tragically Hip,Michael Barclay,http://books.google.com/books/content?id=DsRADwAAQBAJ&printsec=frontcover&img=1&zoom=1&edge=curl&source=gbs_api
2018,Feeding my Mother: Comfort and Laughter in the Kitchen as My Mom Lives with Memory Loss,Jann Arden,http://books.google.com/books/content?id=1b6NDwAAQBAJ&printsec=frontcover&img=1&zoom=1&edge=curl&source=gbs_api
2019,The Testaments,Margaret Atwood,http://books.google.com/books/content?id=P6F7DwAAQBAJ&printsec=frontcover&img=1&zoom=1&edge=curl&source=gbs_api
2019,The Handmaid's Tale (2011 edition),Margaret Atwood,http://books.google.com/books/content?id=cRPKOzWlOfUC&printsec=frontcover&img=1&zoom=1&edge=curl&source=gbs_api
2019,A Better Man,Louise Penny,http://books.google.com/books/content?id=KmiIDwAAQBAJ&printsec=frontcover&img=1&zoom=1&edge=curl&source=gbs_api
2019,Someone We Know,Shari Lapena,http://books.google.com/books/content?id=PnpPEAAAQBAJ&printsec=frontcover&img=1&zoom=1&edge=curl&source=gbs_api
2019,The Gown,Jennifer Robson,http://books.google.com/books/content?id=Y9dWDwAAQBAJ&printsec=frontcover&img=1&zoom=1&edge=curl&source=gbs_api
2019,The Marrow Thieves,Cherie Dimaline,http://books.google.com/books/content?id=XvITEAAAQBAJ&printsec=frontcover&img=1&zoom=1&edge=curl&source=gbs_api
2019,The Quintland Sisters,Shelley Wood,http://books.google.com/books/content?id=-URfDwAAQBAJ&printsec=frontcover&img=1&zoom=1&edge=curl&source=gbs_api
2019,Washington Black (2019 reprint),Esi Edugyan,https://images-na.ssl-images-amazon.com/images/S/compressed.photo.goodreads.com/books/1558478576i/38140077.jpg
2019,Warlight,Michael Ondaatje,http://books.google.com/books/content?id=k8cyDwAAQBAJ&printsec=frontcover&img=1&zoom=1&edge=curl&source=gbs_api
2019,Milk and Honey,Rupi Kaur,http://books.google.com/books/content?id=WoWfCgAAQBAJ&printsec=frontcover&img=1&zoom=1&edge=curl&source=gbs_api
2019,The Handmaid's Tale (2017 edition),Margaret Atwood,http://books.google.com/books/content?id=cRPKOzWlOfUC&printsec=frontcover&img=1&zoom=1&edge=curl&source=gbs_api
2019,Missing Daughter,Rick Mofina,http://books.google.com/books/content?id=myJUDwAAQBAJ&printsec=frontcover&img=1&zoom=1&edge=curl&source=gbs_api
2019,Washington Black (2018 hardcover),Esi Edugyan,http://books.google.com/books/content?id=Iq9IDgAAQBAJ&printsec=frontcover&img=1&zoom=1&source=gbs_api
2019,The Sun and Her Flowers (2018 hardcover),Rupi Kaur,http://books.google.com/books/content?id=C4xyEAAAQBAJ&printsec=frontcover&img=1&zoom=1&edge=curl&source=gbs_api
2019,The Innocents,Michael Crummey,http://books.google.com/books/content?id=jV6IDwAAQBAJ&printsec=frontcover&img=1&zoom=1&edge=curl&source=gbs_api
2019,The Kingdom of the Blind,Louise Penny,http://books.google.com/books/content?id=ByJzDwAAQBAJ&printsec=frontcover&img=1&zoom=1&edge=curl&source=gbs_api
2019,The Sun and Her Flowers (2017 paperback),Rupi Kaur,http://books.google.com/books/content?id=C4xyEAAAQBAJ&printsec=frontcover&img=1&zoom=1&edge=curl&source=gbs_api
2019,Elevator Pitch,Linwood Barclay,http://books.google.com/books/content?id=ix1-DwAAQBAJ&printsec=frontcover&img=1&zoom=1&edge=curl&source=gbs_api
2019,The Shape of the Family,Shilpi Somaya Gowda,http://books.google.com/books/content?id=A7SFDwAAQBAJ&printsec=frontcover&img=1&zoom=1&edge=curl&source=gbs_api
2019,Aria,Nazanine Hozar,http://books.google.com/books/content?id=-O6_DwAAQBAJ&printsec=frontcover&img=1&zoom=1&edge=curl&source=gbs_api
2019,Talking to Strangers: What We Should Know about the People We Don't Know,Malcolm Gladwell,http://books.google.com/books/content?id=VnuGDwAAQBAJ&printsec=frontcover&img=1&zoom=1&edge=curl&source=gbs_api
2019,12 Rules for Life: An Antidote to Chaos,Jordan Peterson,http://books.google.com/books/content?id=6XxX0AEACAAJ&printsec=frontcover&img=1&zoom=1&source=gbs_api
2019,Scotty: A Hockey Life Like No Other,Ken Dryden,http://books.google.com/books/content?id=A_EFEAAAQBAJ&printsec=frontcover&img=1&zoom=1&edge=curl&source=gbs_api
2019,By Chance Alone: A Remarkable True Story of Courage and Survival at Auschwitz,Max Eisen,http://books.google.com/books/content?id=oDKYDwAAQBAJ&printsec=frontcover&img=1&zoom=1&edge=curl&source=gbs_api
2019,Cat and Nat's Mom Truths,"Catherine Belknap, Natalie Telfer",http://books.google.com/books/content?id=-GJjDwAAQBAJ&printsec=frontcover&img=1&zoom=1&edge=curl&source=gbs_api
2019,Truth Be Told: My Journey Through Life and the Law,Beverley McLachlin,http://books.google.com/books/content?id=zZqMDwAAQBAJ&printsec=frontcover&img=1&zoom=1&edge=curl&source=gbs_api
2019,The Vagina Bible,Jen Gunter,http://books.google.com/books/content?id=ER2pDwAAQBAJ&printsec=frontcover&img=1&zoom=1&edge=curl&source=gbs_api
2019,"From the Ashes: My Story of Being Métis, Homeless, and Finding My Way",Jesse Thistle,http://books.google.com/books/content?id=opwtEAAAQBAJ&printsec=frontcover&img=1&zoom=1&edge=curl&source=gbs_api
2019,"Mourning Has Broken: Love, Loss and Reclaiming Joy",Erin Davis,http://books.google.com/books/content?id=zjZeDwAAQBAJ&printsec=frontcover&img=1&zoom=1&edge=curl&source=gbs_api
2019,The Wake: The Deadly Legacy of a Newfoundland Tsunami,Linden MacIntyre,http://books.google.com/books/content?id=5ox_DwAAQBAJ&printsec=frontcover&img=1&zoom=1&edge=curl&source=gbs_api
2019,We The Champs: The Toronto Raptors' Historic Run to the 2019 NBA Title,"Alex Wong, Sean Woodley",http://books.google.com/books/content?id=QN2dDwAAQBAJ&printsec=frontcover&img=1&zoom=1&edge=curl&source=gbs_api
2019,Feeding my Mother: Comfort and Laughter in the Kitchen as My Mom Lives with Memory Loss,Jann Arden,http://books.google.com/books/content?id=1b6NDwAAQBAJ&printsec=frontcover&img=1&zoom=1&edge=curl&source=gbs_api
2019,Homes: A Refugee Story,"Abu Bakr al Rabeeah, Winnie Yeung",http://books.google.com/books/content?id=20iwzgEACAAJ&printsec=frontcover&img=1&zoom=1&source=gbs_api
2019,Beyond the Trees: A Journey Alone Across Canada's Arctic,Adam Shoalts,http://books.google.com/books/content?id=1ouDDwAAQBAJ&printsec=frontcover&img=1&zoom=1&edge=curl&source=gbs_api
2019,"Seven Fallen Feathers: Racism, Death, and Hard Truths in a Northern City",Tanya Talaga,http://books.google.com/books/content?id=pqAvDwAAQBAJ&printsec=frontcover&img=1&zoom=1&edge=curl&source=gbs_api
2019,Rick Mercer Final Report,Rick Mercer,http://books.google.com/books/content?id=BjuzDwAAQBAJ&printsec=frontcover&img=1&zoom=1&edge=curl&source=gbs_api
2019,The Billionaire Murders: The Mysterious Deaths of Barry and Honey Sherman,Kevin Donovan,http://books.google.com/books/content?id=04GODwAAQBAJ&printsec=frontcover&img=1&zoom=1&edge=curl&source=gbs_api
2019,No Days Off: My Life with Type 1 Diabetes and Journey to the NHL,"Max Domi, Jim Lang",http://books.google.com/books/content?id=TlD9DwAAQBAJ&printsec=frontcover&img=1&zoom=1&edge=curl&source=gbs_api
2019,21 Things You May Not Know About the Indian Act: Helping Canadians Make Reconciliation with Indigenous Peoples a Reality,Bob Joseph,http://books.google.com/books/content?id=JPxfswEACAAJ&printsec=frontcover&img=1&zoom=1&source=gbs_api
2019,A Good Wife: Escaping the Life I Never Chose,Samra Zafar,http://books.google.com/books/content?id=zU5fDwAAQBAJ&printsec=frontcover&img=1&zoom=1&edge=curl&source=gbs_api
2020,All the Devils Are Here,Louise Penny,http://books.google.com/books/content?id=HcZIyQEACAAJ&printsec=frontcover&img=1&zoom=1&source=gbs_api
2020,Home Body,Rupi Kaur,http://books.google.com/books/content?id=Pd38DwAAQBAJ&printsec=frontcover&img=1&zoom=1&edge=curl&source=gbs_api
2020,The Handmaid's Tale,Margaret Atwood,http://books.google.com/books/content?id=cRPKOzWlOfUC&printsec=frontcover&img=1&zoom=1&edge=curl&source=gbs_api
2020,The End of Her,Shari Lapena,http://books.google.com/books/content?id=1ewFEQAAQBAJ&printsec=frontcover&img=1&zoom=1&edge=curl&source=gbs_api
2020,The Forgotten Home Child,Genevieve Graham,http://books.google.com/books/content?id=K6bODwAAQBAJ&printsec=frontcover&img=1&zoom=1&edge=curl&source=gbs_api
2020,The Glass Hotel,Emily St. John Mandel,http://books.google.com/books/content?id=Nn-WDwAAQBAJ&printsec=frontcover&img=1&zoom=1&edge=curl&source=gbs_api
2020,Woman on the Edge,Samantha M. Bailey,http://books.google.com/books/content?id=tDUXEAAAQBAJ&printsec=frontcover&img=1&zoom=1&edge=curl&source=gbs_api
2020,The Jane Austen Society,Natalie Jenner,http://books.google.com/books/content?id=Su2pDwAAQBAJ&printsec=frontcover&img=1&zoom=1&edge=curl&source=gbs_api
2020,The Woman Before Wallis,Bryn Turnbull,http://books.google.com/books/content?id=jevTDwAAQBAJ&printsec=frontcover&img=1&zoom=1&source=gbs_api
2020,The Pull of the Stars,Emma Donoghue,http://books.google.com/books/content?id=icHZDwAAQBAJ&printsec=frontcover&img=1&zoom=1&edge=curl&source=gbs_api
2020,"From the Ashes: My Story of Being Métis, Homeless, and Finding My Way",Jesse Thistle,http://books.google.com/books/content?id=opwtEAAAQBAJ&printsec=frontcover&img=1&zoom=1&edge=curl&source=gbs_api
2020,The Answer Is ....: Reflections on My Life,Alex Trebek,http://books.google.com/books/content?id=X3LbDwAAQBAJ&printsec=frontcover&img=1&zoom=1&edge=curl&source=gbs_api
2020,The Skin We're In: A Year of Black Resistance and Power,Desmond Cole,http://books.google.com/books/content?id=1hN7EAAAQBAJ&printsec=frontcover&img=1&zoom=1&edge=curl&source=gbs_api
2020,Burke's Law: A Life in Hockey,"Brian Burke, Stephen Brunt",http://books.google.com/books/content?id=cMjdDwAAQBAJ&printsec=frontcover&img=1&zoom=1&edge=curl&source=gbs_api
2020,12 Rules for Life: An Antidote to Chaos,Jordan Peterson,http://books.google.com/books/content?id=6XxX0AEACAAJ&printsec=frontcover&img=1&zoom=1&source=gbs_api
2020,If I Knew Then: Finding Wisdom in Failure and Power in Aging,Jann Arden,http://books.google.com/books/content?id=TkBfEAAAQBAJ&printsec=frontcover&img=1&zoom=1&edge=curl&source=gbs_api
2020,Talking to Strangers: What We Should Know about the People We Don't Know,Malcolm Gladwell,http://books.google.com/books/content?id=VnuGDwAAQBAJ&printsec=frontcover&img=1&zoom=1&edge=curl&source=gbs_api
2020,Extraordinary Canadians: Stories from the Heart of Our Nation,Peter Mansbridge,http://books.google.com/books/content?id=MUlpEAAAQBAJ&printsec=frontcover&img=1&zoom=1&edge=curl&source=gbs_api
2020,21 Things You May Not Know About the Indian Act: Helping Canadians Make Reconciliation with Indigenous Peoples a Reality,Bob Joseph,http://books.google.com/books/content?id=JPxfswEACAAJ&printsec=frontcover&img=1&zoom=1&source=gbs_api
2020,Beauties: Hockey's Greatest Untold Stories,James Duthie,http://books.google.com/books/content?id=JkLLDwAAQBAJ&printsec=frontcover&img=1&zoom=1&edge=curl&source=gbs_api
2021,State of Terror,"Hillary Rodham Clinton, Louise Penny",http://books.google.com/books/content?id=azlyEAAAQBAJ&printsec=frontcover&img=1&zoom=1&edge=curl&source=gbs_api
2021,The Push,Ashley Audrain,http://books.google.com/books/content?id=3LZPEAAAQBAJ&printsec=frontcover&img=1&zoom=1&edge=curl&source=gbs_api
2021,Five Little Indians,Michelle Good,http://books.google.com/books/content?id=phKqDwAAQBAJ&printsec=frontcover&img=1&zoom=1&edge=curl&source=gbs_api
2021,The Apollo Murders,Chris Hadfield,http://books.google.com/books/content?id=7xAbEAAAQBAJ&printsec=frontcover&img=1&zoom=1&edge=curl&source=gbs_api
2021,The Madness of Crowds,Louise Penny,http://books.google.com/books/content?id=sxsQEAAAQBAJ&printsec=frontcover&img=1&zoom=1&edge=curl&source=gbs_api
2021,Home Body,Rupi Kaur,http://books.google.com/books/content?id=Pd38DwAAQBAJ&printsec=frontcover&img=1&zoom=1&edge=curl&source=gbs_api
2021,Not a Happy Family,Shari Lapena,http://books.google.com/books/content?id=kt0PEAAAQBAJ&printsec=frontcover&img=1&zoom=1&edge=curl&source=gbs_api
2021,The Strangers,Katherena Vermette,http://books.google.com/books/content?id=GaJvEAAAQBAJ&printsec=frontcover&img=1&zoom=1&edge=curl&source=gbs_api
2021,Fight Night,Miriam Toews,http://books.google.com/books/content?id=6MMpEAAAQBAJ&printsec=frontcover&img=1&zoom=1&edge=curl&source=gbs_api
2021,The Marrow Thieves,Cherie Dimaline,http://books.google.com/books/content?id=XvITEAAAQBAJ&printsec=frontcover&img=1&zoom=1&edge=curl&source=gbs_api
2021,Our Darkest Night,Jennifer Robson,http://books.google.com/books/content?id=qF3bDwAAQBAJ&printsec=frontcover&img=1&zoom=1&edge=curl&source=gbs_api
2021,Jonny Appleseed,Joshua Whitehead,http://books.google.com/books/content?id=aHxfDwAAQBAJ&printsec=frontcover&img=1&zoom=1&edge=curl&source=gbs_api
2021,Letters Across the Sea,Genevieve Graham,http://books.google.com/books/content?id=EY8mEAAAQBAJ&printsec=frontcover&img=1&zoom=1&edge=curl&source=gbs_api
2021,The Vinyl Cafe Celebrates,Stuart McLean,http://books.google.com/books/content?id=udEwEAAAQBAJ&printsec=frontcover&img=1&zoom=1&source=gbs_api
2021,The Handmaid's Tale,Margaret Atwood,http://books.google.com/books/content?id=cRPKOzWlOfUC&printsec=frontcover&img=1&zoom=1&edge=curl&source=gbs_api
2021,How to Pronounce Knife,Souvankham Thammavongsa,http://books.google.com/books/content?id=kkShDwAAQBAJ&printsec=frontcover&img=1&zoom=1&edge=curl&source=gbs_api
2021,Gutter Child,Jael Richardson,http://books.google.com/books/content?id=mOfdDwAAQBAJ&printsec=frontcover&img=1&zoom=1&edge=curl&source=gbs_api
2021,All the Devils Are Here,Louise Penny,http://books.google.com/books/content?id=HcZIyQEACAAJ&printsec=frontcover&img=1&zoom=1&source=gbs_api
2021,What Strange Paradise,Omar El Akkad,http://books.google.com/books/content?id=fDoEEAAAQBAJ&printsec=frontcover&img=1&zoom=1&edge=curl&source=gbs_api
2021,Milk and Honey,Rupi Kaur,http://books.google.com/books/content?id=WoWfCgAAQBAJ&printsec=frontcover&img=1&zoom=1&edge=curl&source=gbs_api
2021,Beyond Order: 12 More Rules for Life,Jordan Peterson,http://books.google.com/books/content?id=I1oJEAAAQBAJ&printsec=frontcover&img=1&zoom=1&edge=curl&source=gbs_api
2021,Indian in the Cabinet: Speaking Truth to Power,Jody Wilson-Raybould,http://books.google.com/books/content?id=THvnzgEACAAJ&printsec=frontcover&img=1&zoom=1&source=gbs_api
2021,Talking to Canadians: A Memoir,Rick Mercer,http://books.google.com/books/content?id=cuQoEAAAQBAJ&printsec=frontcover&img=1&zoom=1&edge=curl&source=gbs_api
2021,"The Bomber Mafia: A Dream, a Temptation, and the Longest Night of the Second World War",Malcolm Gladwell,http://books.google.com/books/content?id=_gQXEAAAQBAJ&printsec=frontcover&img=1&zoom=1&edge=curl&source=gbs_api
2021,Crossroads: My Story of Tragedy and Resilience as a Humboldt Bronco,Kaleb Dahlgren,http://books.google.com/books/content?id=bpTrDwAAQBAJ&printsec=frontcover&img=1&zoom=1&edge=curl&source=gbs_api
2021,21 Things You May Not Know About the Indian Act: Helping Canadians Make Reconciliation with Indigenous Peoples a Reality,Bob Joseph,http://books.google.com/books/content?id=JPxfswEACAAJ&printsec=frontcover&img=1&zoom=1&source=gbs_api
2021,"No One Wins Alone: Leading Others, Building Teams, Inspiring Greatness","Mark Messier, Jimmy Roberts",http://books.google.com/books/content?id=2EqMEAAAQBAJ&printsec=frontcover&img=1&zoom=1&edge=curl&source=gbs_api
2021,"From the Ashes: My Story of Being Métis, Homeless, and Finding My Way",Jesse Thistle,http://books.google.com/books/content?id=opwtEAAAQBAJ&printsec=frontcover&img=1&zoom=1&edge=curl&source=gbs_api
2021,Off the Record,Peter Mansbridge,http://books.google.com/books/content?id=KZ1BEAAAQBAJ&printsec=frontcover&img=1&zoom=1&edge=curl&source=gbs_api
2021,Values: Building a Better World for All,Mark Carney,http://books.google.com/books/content?id=_IyTEAAAQBAJ&printsec=frontcover&img=1&zoom=1&source=gbs_api
2021,Yearbook,Seth Rogen,http://books.google.com/books/content?id=T4OODwAAQBAJ&printsec=frontcover&img=1&zoom=1&source=gbs_api
2021,The Menopause Manifesto: Own Your Health with Facts and Feminism,Jen Gunter,http://books.google.com/books/content?id=omIrEAAAQBAJ&printsec=frontcover&img=1&zoom=1&edge=curl&source=gbs_api
2021,12 Rules for Life: An Antidote to Chaos,Jordan Peterson,http://books.google.com/books/content?id=6XxX0AEACAAJ&printsec=frontcover&img=1&zoom=1&source=gbs_api
2021,Call Me Indian: From the Trauma of Residential School to Becoming the NHL's First Treaty Indigenous Player,Fred Sasakamoose,http://books.google.com/books/content?id=u80AEAAAQBAJ&printsec=frontcover&img=1&zoom=1&edge=curl&source=gbs_api
2021,"Best Wishes, Warmest Regards: The Story of Schitt's Creek","Daniel Levy, Eugene Levy",http://books.google.com/books/content?id=TaKVzgEACAAJ&printsec=frontcover&img=1&zoom=1&source=gbs_api
2021,Finding the Mother Tree: Discovering the Wisdom of the Forest,Suzanne Simard,http://books.google.com/books/content?id=KE32DwAAQBAJ&printsec=frontcover&img=1&zoom=1&edge=curl&source=gbs_api
2021,"The Forever Dog: Surprising New Science to Help Your Canine Companion Live Younger, Healthier, and Longer","Rodney Habib, Karen Shaw Becker",http://books.google.com/books/content?id=2tMOEAAAQBAJ&printsec=frontcover&img=1&zoom=1&edge=curl&source=gbs_api
2021,The Inconvenient Indian: A Curious Accoint of Native People in North America,Thomas King,http://books.google.com/books/content?id=dLk-DwAAQBAJ&printsec=frontcover&img=1&zoom=1&edge=curl&source=gbs_api
2021,"Seven Fallen Feathers: Racism, Death, and Hard Truths in a Northern City",Tanya Talaga,http://books.google.com/books/content?id=pqAvDwAAQBAJ&printsec=frontcover&img=1&zoom=1&edge=curl&source=gbs_api
2021,Teachers these Days: Stories and Strategies for Reconnection,"Jody Carrington, Laurie McIntosh",http://books.google.com/books/content?id=EA6AzgEACAAJ&printsec=frontcover&img=1&zoom=1&source=gbs_api
2022,Five Little Indians,Michelle Good,http://books.google.com/books/content?id=phKqDwAAQBAJ&printsec=frontcover&img=1&zoom=1&edge=curl&source=gbs_api
2022,The Maid,Nita Prose,http://books.google.com/books/content?id=Lpy1EAAAQBAJ&printsec=frontcover&img=1&zoom=1&source=gbs_api
2022,Every Summer After,Carley Fortune,http://books.google.com/books/content?id=c788EAAAQBAJ&printsec=frontcover&img=1&zoom=1&edge=curl&source=gbs_api
2022,Looking for Jane,Heather Marshall,http://books.google.com/books/content?id=uMd0EAAAQBAJ&printsec=frontcover&img=1&zoom=1&edge=curl&source=gbs_api
2022,A World of Curiosities,Louise Penny,http://books.google.com/books/content?id=cEJtEAAAQBAJ&printsec=frontcover&img=1&zoom=1&edge=curl&source=gbs_api
2022,Healing Through Words,Rupi Kaur,http://books.google.com/books/content?id=QXv5zgEACAAJ&printsec=frontcover&img=1&zoom=1&source=gbs_api
2022,Scarborough,Catherine Hernandez,http://books.google.com/books/content?id=B8BdDgAAQBAJ&printsec=frontcover&img=1&zoom=1&edge=curl&source=gbs_api
2022,State of Terror,"Hillary Rodham Clinton, Louise Penny",http://books.google.com/books/content?id=azlyEAAAQBAJ&printsec=frontcover&img=1&zoom=1&edge=curl&source=gbs_api
2022,Watch Out For Her,Samantha M. Bailey,http://books.google.com/books/content?id=P6U1EAAAQBAJ&printsec=frontcover&img=1&zoom=1&edge=curl&source=gbs_api
2022,Sea of Tranquility,Emily St. John Mandel,http://books.google.com/books/content?id=fj84EAAAQBAJ&printsec=frontcover&img=1&zoom=1&edge=curl&source=gbs_api
2022,The Handmaid's Tale,Margaret Atwood,http://books.google.com/books/content?id=cRPKOzWlOfUC&printsec=frontcover&img=1&zoom=1&edge=curl&source=gbs_api
2022,Take Your Breath Away,Linwood Barclay,http://books.google.com/books/content?id=G5E7EAAAQBAJ&printsec=frontcover&img=1&zoom=1&edge=curl&source=gbs_api
2022,The Sleeping Car Porter,Suzette Mayr,http://books.google.com/books/content?id=UEV1EAAAQBAJ&printsec=frontcover&img=1&zoom=1&edge=curl&source=gbs_api
2022,Things We Do In the Dark,Jennifer Hillier,http://books.google.com/books/content?id=trM9EAAAQBAJ&printsec=frontcover&img=1&zoom=1&edge=curl&source=gbs_api
2022,The Deal,Elle Kennedy,http://books.google.com/books/content?id=iwBaDwAAQBAJ&printsec=frontcover&img=1&zoom=1&edge=curl&source=gbs_api
2022,Bluebird,Genevieve Graham,http://books.google.com/books/content?id=ZTtjEAAAQBAJ&printsec=frontcover&img=1&zoom=1&edge=curl&source=gbs_api
2022,Her Last Goodbye,Rick Mofina,http://books.google.com/books/content?id=kk0oEAAAQBAJ&printsec=frontcover&img=1&zoom=1&edge=curl&source=gbs_api
2022,The Last Chairlift,John Irving,http://books.google.com/books/content?id=xRpdEAAAQBAJ&printsec=frontcover&img=1&zoom=1&edge=curl&source=gbs_api
2022,Fayne,Ann-Marie MacDonald,http://books.google.com/books/content?id=k5DpEAAAQBAJ&printsec=frontcover&img=1&zoom=1&edge=curl&source=gbs_api
2022,The Strangers,Katherena Vermette,http://books.google.com/books/content?id=GaJvEAAAQBAJ&printsec=frontcover&img=1&zoom=1&edge=curl&source=gbs_api
2022,"Friends, Lovers, and the Big Terrible Thing",Matthew Perry,http://books.google.com/books/content?id=IiRPEAAAQBAJ&printsec=frontcover&img=1&zoom=1&edge=curl&source=gbs_api
2022,The Betrayal of Anne Frank: A Cold Case Investigation,Rosemary Sullivan,http://books.google.com/books/content?id=5PbwDwAAQBAJ&printsec=frontcover&img=1&zoom=1&edge=curl&source=gbs_api
2022,12 Rules for Life: An Antidote to Chaos,Jordan Peterson,http://books.google.com/books/content?id=6XxX0AEACAAJ&printsec=frontcover&img=1&zoom=1&source=gbs_api
2022,21 Things You May Not Know About the Indian Act: Helping Canadians Make Reconciliation with Indigenous Peoples a Reality,Bob Joseph,http://books.google.com/books/content?id=JPxfswEACAAJ&printsec=frontcover&img=1&zoom=1&source=gbs_api
2022,The Boy in the Woods: A True Story of Survival During the Second World War,Maxwell Smart,http://books.google.com/books/content?id=nHA7EAAAQBAJ&printsec=frontcover&img=1&zoom=1&edge=curl&source=gbs_api
2022,"22 Murders: Investigating the Massacres, Cover-up and Obstacles to Justice in Nova Scotia",Paul Palango,http://books.google.com/books/content?id=JoM8EAAAQBAJ&printsec=frontcover&img=1&zoom=1&edge=curl&source=gbs_api
2022,We Were Dreamers: An Immigrant Superhero Origin Story,Simu Liu,http://books.google.com/books/content?id=dp7cDwAAQBAJ&printsec=frontcover&img=1&zoom=1&edge=curl&source=gbs_api
2022,Run Towards the Danger: Confrontations with a Body of Memory,Sarah Polley,http://books.google.com/books/content?id=8RExEAAAQBAJ&printsec=frontcover&img=1&zoom=1&edge=curl&source=gbs_api
2022,The Freedom Convoy: The Inside Story of Three Weeks that Shook the World,Andrew Lawton,http://books.google.com/books/content?id=K4YrzwEACAAJ&printsec=frontcover&img=1&zoom=1&source=gbs_api
2022,"The Series: What I Remember, What It Felt Like, What It Feels Like Now",Ken Dryden,http://books.google.com/books/content?id=ddFcEAAAQBAJ&printsec=frontcover&img=1&zoom=1&edge=curl&source=gbs_api
2022,Ducks: Two Years in the Oil Sands,Kate Beaton,http://books.google.com/books/content?id=s27WzgEACAAJ&printsec=frontcover&img=1&zoom=1&source=gbs_api
2022,A Little Bit Broken: A Memoir,Roz Weston,http://books.google.com/books/content?id=Zd7AEAAAQBAJ&printsec=frontcover&img=1&zoom=1&edge=curl&source=gbs_api
2022,Beyond Order: 12 More Rules for Life,Jordan Peterson,http://books.google.com/books/content?id=I1oJEAAAQBAJ&printsec=frontcover&img=1&zoom=1&edge=curl&source=gbs_api
2022,Playing the Long Game: A Memoir,Christine Sinclair,http://books.google.com/books/content?id=9PPGEAAAQBAJ&printsec=frontcover&img=1&zoom=1&edge=curl&source=gbs_api
2022,Finding the Mother Tree: Discovering the Wisdom of the Forest,Suzanne Simard,http://books.google.com/books/content?id=KE32DwAAQBAJ&printsec=frontcover&img=1&zoom=1&edge=curl&source=gbs_api
2022,"From the Ashes: My Story of Being Métis, Homeless, and Finding My Way",Jesse Thistle,http://books.google.com/books/content?id=opwtEAAAQBAJ&printsec=frontcover&img=1&zoom=1&edge=curl&source=gbs_api
2022,All Roads Home: A Life On and Off the Ice,"Bryan Trottier, Stephen Brunt",http://books.google.com/books/content?id=RLIBEQAAQBAJ&printsec=frontcover&img=1&zoom=1&source=gbs_api
2022,72: The Series that Changed Hockey Forever,Scott Morrison,http://books.google.com/books/content?id=eB9oEAAAQBAJ&printsec=frontcover&img=1&zoom=1&edge=curl&source=gbs_api
2022,Embers: One Ojibway's Meditations,Richard Wagamese,http://books.google.com/books/content?id=naH1DAAAQBAJ&printsec=frontcover&img=1&zoom=1&edge=curl&source=gbs_api
2022,True Reconciliation: How to Be a Force for Change,Jody Wilson-Raybould,http://books.google.com/books/content?id=WftmEAAAQBAJ&printsec=frontcover&img=1&zoom=1&edge=curl&source=gbs_api
2023,Meet Me at the Lake,Carley Fortune,http://books.google.com/books/content?id=KBXDzgEACAAJ&printsec=frontcover&img=1&zoom=1&source=gbs_api
2023,Everyone Here is Lying,Shari Lapena,http://books.google.com/books/content?id=e2_8EAAAQBAJ&printsec=frontcover&img=1&zoom=1&edge=curl&source=gbs_api
2023,The Whispers,Ashley Audrain,http://books.google.com/books/content?id=q0GVEAAAQBAJ&printsec=frontcover&img=1&zoom=1&source=gbs_api
2023,The Defector,Chris Hadfield,http://books.google.com/books/content?id=WomrEAAAQBAJ&printsec=frontcover&img=1&zoom=1&edge=curl&source=gbs_api
2023,Five Little Indians,Michelle Good,http://books.google.com/books/content?id=phKqDwAAQBAJ&printsec=frontcover&img=1&zoom=1&edge=curl&source=gbs_api
2023,A Death at the Party,Amy Stuart,http://books.google.com/books/content?id=lIqsEAAAQBAJ&printsec=frontcover&img=1&zoom=1&edge=curl&source=gbs_api
2023,The Bittlemores,Jann Arden,http://books.google.com/books/content?id=KCcKEQAAQBAJ&printsec=frontcover&img=1&zoom=1&edge=curl&source=gbs_api
2023,Moon of the Crusted Snow,Waubgeshig Rice,http://books.google.com/books/content?id=dC1hDwAAQBAJ&printsec=frontcover&img=1&zoom=1&edge=curl&source=gbs_api
2023,The Lie Maker,Linwood Barclay,http://books.google.com/books/content?id=IymCEAAAQBAJ&printsec=frontcover&img=1&zoom=1&edge=curl&source=gbs_api
2023,The Drowning Woman,Robyn Harding,http://books.google.com/books/content?id=svyuEAAAQBAJ&printsec=frontcover&img=1&zoom=1&edge=curl&source=gbs_api
2023,Greenwood,Michael Christie,http://books.google.com/books/content?id=sZuCDwAAQBAJ&printsec=frontcover&img=1&zoom=1&edge=curl&source=gbs_api
2023,The Sleeping Car Porter,Suzette Mayr,http://books.google.com/books/content?id=UEV1EAAAQBAJ&printsec=frontcover&img=1&zoom=1&edge=curl&source=gbs_api
2023,Everything She Feared,Rick Mofina,http://books.google.com/books/content?id=fbdwEAAAQBAJ&printsec=frontcover&img=1&zoom=1&edge=curl&source=gbs_api
2023,Moon of the Turning Leaves,Waubgeshig Rice,http://books.google.com/books/content?id=b-26EAAAQBAJ&printsec=frontcover&img=1&zoom=1&edge=curl&source=gbs_api
2023,Every Summer After,Carley Fortune,http://books.google.com/books/content?id=c788EAAAQBAJ&printsec=frontcover&img=1&zoom=1&edge=curl&source=gbs_api
2023,Women Talking,Miriam Toews,http://books.google.com/books/content?id=46dvDwAAQBAJ&printsec=frontcover&img=1&zoom=1&edge=curl&source=gbs_api
2023,Old Babes in the Wood,Margaret Atwood,http://books.google.com/books/content?id=tXZ7EAAAQBAJ&printsec=frontcover&img=1&zoom=1&edge=curl&source=gbs_api
2023,I Only Read Murder,"Ian Ferguson, Will Ferguson",http://books.google.com/books/content?id=j1C9EAAAQBAJ&printsec=frontcover&img=1&zoom=1&edge=curl&source=gbs_api
2023,A World of Curiosities,Louise Penny,http://books.google.com/books/content?id=cEJtEAAAQBAJ&printsec=frontcover&img=1&zoom=1&edge=curl&source=gbs_api
2023,It Happened One Christmas,Chantel Guertin,http://books.google.com/books/content?id=8Ci2EAAAQBAJ&printsec=frontcover&img=1&zoom=1&edge=curl&source=gbs_api
2023,"Friends, Lovers, and the Big Terrible Thing",Matthew Perry,http://books.google.com/books/content?id=IiRPEAAAQBAJ&printsec=frontcover&img=1&zoom=1&edge=curl&source=gbs_api
2023,"The Road Years: A Memoir, Continued . . .",Rick Mercer,http://books.google.com/books/content?id=1wa9EAAAQBAJ&printsec=frontcover&img=1&zoom=1&edge=curl&source=gbs_api
2023,My Effin' Life,Geddy Lee,http://books.google.com/books/content?id=jvGWEAAAQBAJ&printsec=frontcover&img=1&zoom=1&edge=curl&source=gbs_api
2023,12 Rules for Life: An Antidote to Chaos,Jordan Peterson,http://books.google.com/books/content?id=6XxX0AEACAAJ&printsec=frontcover&img=1&zoom=1&source=gbs_api
2023,Ducks: Two Years in the Oil Sands,Kate Beaton,http://books.google.com/books/content?id=s27WzgEACAAJ&printsec=frontcover&img=1&zoom=1&source=gbs_api
2023,"Love, Pamela: A Memoir",Pamela Anderson,http://books.google.com/books/content?id=pp19EAAAQBAJ&printsec=frontcover&img=1&zoom=1&edge=curl&source=gbs_api
2023,Pageboy: A Memoir,Elliot Page,http://books.google.com/books/content?id=wzd3EAAAQBAJ&printsec=frontcover&img=1&zoom=1&edge=curl&source=gbs_api
2023,21 Things You May Not Know About the Indian Act: Helping Canadians Make Reconciliation with Indigenous Peoples a Reality,Bob Joseph,http://books.google.com/books/content?id=JPxfswEACAAJ&printsec=frontcover&img=1&zoom=1&source=gbs_api
2023,Truth Telling: Seven Conversations about Indigenous Life in Canada,Michelle Good,http://books.google.com/books/content?id=6cVVEAAAQBAJ&printsec=frontcover&img=1&zoom=1&edge=curl&source=gbs_api
2023,"Where the Falcon Flies: A 3,400 Kilometre Odyssey From My Doorstep to the Arctic",Adam Shoalts,http://books.google.com/books/content?id=BkelEAAAQBAJ&printsec=frontcover&img=1&zoom=1&edge=curl&source=gbs_api
2023,"Outsider: An Old Man, a Mountain and the Search for a Hidden Past",Brett Popplewell,http://books.google.com/books/content?id=y8R9EAAAQBAJ&printsec=frontcover&img=1&zoom=1&edge=curl&source=gbs_api
2023,How Canada Works: The People Who Make Our Nation Thrive,"Peter Mansbridge, Mark Bulgutch",http://books.google.com/books/content?id=sxLfEAAAQBAJ&printsec=frontcover&img=1&zoom=1&edge=curl&source=gbs_api
2023,Fire Weather: On the Front Lines of a Burning World,John Vaillant,http://books.google.com/books/content?id=0CH0EAAAQBAJ&printsec=frontcover&img=1&zoom=1&edge=curl&source=gbs_api
2023,Run Towards the Danger: Confrontations with a Body of Memory,Sarah Polley,http://books.google.com/books/content?id=8RExEAAAQBAJ&printsec=frontcover&img=1&zoom=1&edge=curl&source=gbs_api
2023,Life in Two Worlds: A Coach's Journey from the Reserve to the NHL and Back,"Ted Nolan, Meg Masters",http://books.google.com/books/content?id=7rmmEAAAQBAJ&printsec=frontcover&img=1&zoom=1&edge=curl&source=gbs_api
2023,Doppelganger: A Trip into the Mirror World,Naomi Klein,http://books.google.com/books/content?id=IQS7EAAAQBAJ&printsec=frontcover&img=1&zoom=1&edge=curl&source=gbs_api
2023,Draft Day: How Hockey Teams Pick Winners or Get Left Behind,"Doug MacLean, Scott Morrison",http://books.google.com/books/content?id=CGmsEAAAQBAJ&printsec=frontcover&img=1&zoom=1&edge=curl&source=gbs_api
2023,The Survivor: How I Survived Six Concentration Camps and Became a Nazi Hunter,"Josef Lewkowicz, Michael Calvin",http://books.google.com/books/content?id=-qF8EAAAQBAJ&printsec=frontcover&img=1&zoom=1&edge=curl&source=gbs_api
2023,Cracking the Nazi Code: The Untold Story of Canada's Greatest Spy,Jason Bell,http://books.google.com/books/content?id=Q0WjEAAAQBAJ&printsec=frontcover&img=1&zoom=1&edge=curl&source=gbs_api
2023,True Reconciliation: How to Be a Force for Change,Jody Wilson-Raybould,http://books.google.com/books/content?id=WftmEAAAQBAJ&printsec=frontcover&img=1&zoom=1&edge=curl&source=gbs_api